<?xml version="1.0" encoding="utf-8" standalone="yes" ?>
<?xml-stylesheet type="text/xsl" href="modx.format.xsl"?>

<mod xmlns:xsi="http://www.w3.org/2001/XMLSchema-instance" xmlns="modx-1.2.5.xsd">
	<header>
		<!-- Adresse où peut être consultée la licence sous laquelle le module est distribué -->
		<license>http://creativecommons.org/licenses/by-nc-sa/3.0/fr/</license>
		<!-- Nom du module -->
		<title lang="fr">Caldav</title>
		<!-- Description brève du module -->
		<description lang="fr">
		Ce module est basé sur Sabredav (https://code.google.com/p/sabredav/) et permet de synchroniser (lecture ou écriture) un agenda Agora (ressources ou utilisateur) avec appareil externe : téléphone, tablette, pc ... (dit client caldav). 
		A la différence du module synchro, les modifications faites à partir d'un appareil externe sont prises en compte dans Agora (si les droits d'ecriture sont actifs).
		</description>
		<!-- Notes additionnelles de l'auteur -->
		<author-notes lang="fr">
		Testé avec les systèmes et les clients caldav suivant :
		- Android et CalDAV-Sync beta (payant mais redoutable),
		- Windows 7 et Kubuntu avec Thunderbird et l'extension lightning,
		- Iphone,
		- Kubuntu et Kontact.
		
		Prise en charge via caldav :
		- catégories,
		- lieu, 
		- rappel.
		
		-----------------------------------------------------------------------
		Attention !!!!!!!
		-----------------------------------------------------------------------
		- La récurrence depuis l'appareil mobile n'est pas implémentée !
		- La synchronisation caldav de l'agenda utilisateur propriètaire doit être active pour accéder aux agendas de ressources,  
		- Ce module nécessite que l'extension Curl de PHP soit active,
		- Ce module nécessite php 5.3.1 minimum,
		- Sauvegarder vos tables agendas et vos fichiers avant installation du module.
		</author-notes>		

		<author-group>
			<author>
				<!-- Nom de l'auteur -->
				<realname>Yov</realname>
				<!-- Pseudo de l'auteur sur Cyrakuse.fr -->
				<username cyrakuse="yes">Yov</username>
				<!-- Adresse du site internet de l'auteur -->
				<homepage>http://www.cyrakuse.fr</homepage>
				<!-- Description de la contribution -->
				<contributions-group>
				<contributions from='11/09/2011' status='current' position='Développeur'></contributions>
				</contributions-group>
			</author>
		</author-group>
		
		<!-- Version du module -->
		<mod-version>1.2</mod-version>

		<installation>
			<!-- Niveau de difficulté de l'installation (facile, moyen, difficile) -->
			<level>moyen</level>
			<!-- Temps nécessaire pour installer le module (en secondes) -->
			<time>180</time>
			<!-- Version d'Agora nécessaire pour installer le module -->
			<target-version>2.16.3</target-version>
		</installation>

		<!-- Historique des versions -->
		<history>
			<entry>
				<date>14/12/2013</date>
				<rev-version>1.1</rev-version>
				<changelog lang="fr">
					<change>Modification de l'affichage de la synchronisation caldav dans agora (afficher/masquer). Prise en charge des exceptions en provenance d'agora (Ne fonctionne pas sous android ???). Modification du displayname du calendrier caldav.</change>
				</changelog>
			</entry>
			<entry>
				<date>06/10/2013</date>
				<rev-version>1.1</rev-version>
				<changelog lang="fr">
					<change>Mise à jour de sabredav en version 1.8.7. Ajout de l'affichage du lieu lors de l'edition de l'évenement dans l'agenda dans agora</change>
				</changelog>
			</entry><entry>
				<date>11/09/2013</date>
				<rev-version>1.0</rev-version>
				<changelog lang="fr">
					<change>Version initiale du module</change>
				</changelog>
			</entry>
		</history>

	</header>
<!-- A partir du moment où du code (sql ou php) est mis, il faut l'encadrer des balises <![CDATA[ et ]]> car sinon cela créer un bug d'affichage. 
	Cela permet à la page de ne pas interpréter ce code -->
	
	<action-group>
      	<!-- Fichier à copier -->
	<copy>
		<file from="dossier -> root/commun" to="dossier -> votreagora"/>
		<file from="dossier -> root/dav" to="dossier -> votreagora"/>
		<file from="dossier -> root/templates" to="dossier -> votreagora"/>
		<file from="dossier -> root/traduction" to="dossier -> votreagora"/>
		<file from="dossier -> root/module_agenda" to="dossier -> votreagora"/>
		<file from=" dossier -> contrib/module_agenda (contenant les fichiers déja modifiés) ou des 4 fichiers (étapes 8, 9, 10 et 11) depuis votre Agora pour les modifier" to="dossier -> votreagora"/>
		<file from=" dossier -> contrib/traduction (contenant les fichiers déja modifiés) ou des 4 fichiers (étapes 8, 9, 10 et 11) depuis votre Agora pour les modifier" to="dossier -> votreagora"/>
		<file from="fichier pour modifications ->votreagora/traduction/francais.php" to="dossier -> root/traduction"/>
		<file from="fichier pour modifications ->votreagora/commun.inc.php" to="dossier -> root/module_agenda"/>
		<file from="fichier pour modifications ->votreagora/index.php" to="dossier -> root/module_agenda"/>
		<file from="fichier pour modifications ->votreagora/evenement_edit.php" to="dossier -> root/module_agenda"/>
		<file from="fichier pour modifications ->votreagora/evenement.php" to="dossier -> root/module_agenda"/>
	
	</copy>
		
		<!-- Modification des fichiers -->
		
		<open src="/traduction/francais.php">
			<edit>
				<!-- trouver le texte suivant -->
				<find><![CDATA[?>]]></find>
				<!-- Action : remplacer par -->
				<action type="before-add"><![CDATA[//// TRADUCTION CALDAV
include "modules_fr/module_caldav.php";]]></action>
			</edit>
		</open>
        
        <open src="/module_agenda/commun.inc.php">
	<edit>
	<!-- trouver le texte suivant -->
	<find><![CDATA[////	ON SUPPRIME L'ÉVÉNEMENT S'IL N'EST AFFECTÉ À AUCUN AGENDA + FICHIERS JOINTS
	if(db_valeur("SELECT count(*) FROM gt_agenda_jointure_evenement WHERE id_evenement='".intval($id_evenement)."'")==0){
		global $objet;
		suppr_objet($objet["evenement"], $id_evenement);
	}]]></find>
	<!-- Action : remplacer par -->
	<action type="after-add"><![CDATA[	//CALDAV
	$calendar_id = db_valeur("SELECT id FROM  `calendars` WHERE id_agenda = '".$id_agenda."' ");
	if ($calendar_id)
	{db_query("DELETE FROM calendarobjects WHERE uri = '".$evt_tmp['uri']."' AND calendarid = '".$calendar_id."' ");}]]></action>
	</edit>
         <edit>

<!-- trouver le texte suivant -->
				<find><![CDATA[// Périodicité
		$period_date_fin = ($evt["period_date_fin"])  ?  ";UNTIL=".date_ical($evt["period_date_fin"],false)  :  "";
		if($evt["periodicite_type"]=="annee")				$sortie .= "RRULE:FREQ=YEARLY;INTERVAL=1".$period_date_fin."\n";
		elseif($evt["periodicite_type"]=="mois")			$sortie .= "RRULE:FREQ=MONTHLY;INTERVAL=1;BYMONTHDAY=".trim(strftime("%e",strtotime($evt["date_debut"]))).$period_date_fin."\n";
		elseif($evt["periodicite_type"]=="jour_mois")		$sortie .= "RRULE:FREQ=MONTHLY;INTERVAL=1;BYMONTHDAY=".implode(",",array_map("abs",explode(",",$evt["periodicite_valeurs"]))).$period_date_fin."\n";
		elseif($evt["periodicite_type"]=="jour_semaine")	$sortie .= "RRULE:FREQ=WEEKLY;INTERVAL=1;BYDAY=".implode(",",array_map("jour_ical",explode(",",$evt["periodicite_valeurs"]))).$period_date_fin."\n";
		]]></find>

<!-- Action : remplacer apres -->
<action type="after-add"><![CDATA[// AJOUT EXCEPTION ICS
		if ($evt["period_date_exception"])
		{
		    foreach (text2tab($evt["period_date_exception"]) as $date_exception_tmp)
		    {
			//$sortie .="EXDATE:".date_ical($date_exception_tmp,false)."\n";
			$sortie .="EXDATE;VALUE=DATE:".str_replace('-','',$date_exception_tmp)."\n";
		     }
		}]]></action>


<!-- trouver le texte suivant -->
				<find><![CDATA[////	...ET FILTRAGE SQL
function sql_evt_filtre_categorie()
{
	if(!empty($_REQUEST["filtre_categorie"]))
		return "AND id_categorie=".db_format($_REQUEST["filtre_categorie"]);
}]]></find>
		

<!-- Action : remplacer apres -->
		<action type="after-add"><![CDATA[//// CALDAV
////
include "token/url.php";

////	EXPORT .ICS  =>  PREPARATION DU FICHIER DE SORTIE
////
function fichier_caldav($evt,$id_utilisateur,$id_agenda)
{
    ////	INIT
    global $tab_timezones, $AGENDAS_AFFECTATIONS;
    
    ////	AJOUT DE CHAQUE EVENEMENT
    ////	DEBUT DU ICAL
    $sortie  = "BEGIN:VCALENDAR\n";
    $sortie .= "PRODID:-//Agora-Project//".$_SESSION["agora"]["nom"]."//EN\n";
    $sortie .= "VERSION:2.0\n";
    $sortie .= "CALSCALE:GREGORIAN\n";
    $sortie .= "METHOD:PUBLISH\n";

    //// TIMEZONE
    $current_timezone = current_timezone();
    $heure_time_zone = $tab_timezones[$current_timezone];
    $sortie .= "BEGIN:VTIMEZONE\n";
    $sortie .= "TZID:".$current_timezone."\n";
    $sortie .= "X-LIC-LOCATION:".$current_timezone."\n";
    //// Daylight
    $sortie .= "BEGIN:DAYLIGHT\n";
    $sortie .= "TZOFFSETFROM:".heure_ical($heure_time_zone)."\n";
    $sortie .= "TZOFFSETTO:".heure_ical($heure_time_zone,1)."\n";
    $sortie .= "TZNAME:CEST\n";
    $sortie .= "DTSTART:19700329T020000\n";
    $sortie .= "RRULE:FREQ=YEARLY;INTERVAL=1;BYDAY=-1SU;BYMONTH=3\n";
    $sortie .= "END:DAYLIGHT\n";
    //// Standard
    $sortie .= "BEGIN:STANDARD\n";
    $sortie .= "TZOFFSETFROM:".heure_ical($heure_time_zone,1)."\n";
    $sortie .= "TZOFFSETTO:".heure_ical($heure_time_zone)."\n";
    $sortie .= "TZNAME:CET\n";
    $sortie .= "DTSTART:19701025T030000\n";
    $sortie .= "RRULE:FREQ=YEARLY;INTERVAL=1;BYDAY=-1SU;BYMONTH=10\n";
    $sortie .= "END:STANDARD\n";
    $sortie .= "END:VTIMEZONE\n";

    //// Description  &  agendas où est affecté l'événement
    $evt["description"] = strip_tags(str_replace("<br>"," ",$evt["description"]));
    $agendas = agendas_evts($evt["id_evenement"],"1");
    if(count($agendas)>1)
    {
	$agendas_txt = "";
	foreach($agendas as $id_agenda)  { $agendas_txt .= $AGENDAS_AFFECTATIONS[$id_agenda]["titre"].", "; }
	$evt["description"] .= " [".substr(text_reduit($agendas_txt),0,-2)."]";
    }

    //// Affichage
    $sortie .= "BEGIN:VEVENT\n";
    $sortie .= "CREATED:".date_ical($evt["date_crea"],false)."\n";
    $sortie .= "LAST-MODIFIED:".date_ical($evt["date_crea"],false)."\n";
    $sortie .= "DTSTAMP:".date_ical(db_insert_date(),false)."\n";
    $sortie .= "UID:".ical_uid_evt($evt)."\n";
    $sortie .= "SUMMARY:".$evt["titre"]."\n";
    if($evt["lieu"] != ''){$sortie .= "LOCATION:".$evt["lieu"]."\n";}
    $sortie .= "DTSTART;TZID=".date_ical($evt["date_debut"])."\n";  //exple : "19970714T170000Z" pour 14 juillet 1997 à 17h00
    $sortie .= "DTEND;TZID=".date_ical($evt["date_fin"])."\n";
    if($evt["id_categorie"]>0)		$sortie .= "CATEGORIES:".db_valeur("SELECT titre FROM gt_agenda_categorie WHERE id_categorie='".$evt["id_categorie"]."'")."\n";
    if($evt["description"]!="")		$sortie .= "DESCRIPTION:".preg_replace("/\r\n/"," ",html_entity_decode(strip_tags($evt["description"])))."\n";
	
    //// PRIVE/CONFIDENTIEL/PUBLIC
    if($evt['visibilite_contenu'] == 'public'){$visibilite_contenu ='PUBLIC';}
    if($evt['visibilite_contenu'] == 'public_cache'){$visibilite_contenu ='CONFIDENTIAL';}
    if($evt['visibilite_contenu'] == 'prive'){$visibilite_contenu ='PRIVATE';}
    if($evt['visibilite_contenu'] != ''){$sortie .= "CLASS:".$visibilite_contenu."\n";}
	
    //// Périodicité
    $period_date_fin = ($evt["period_date_fin"])  ?  ";UNTIL=".date_ical($evt["period_date_fin"],false)  :  "";
    if($evt["periodicite_type"]=="annee")				$sortie .= "RRULE:FREQ=YEARLY;INTERVAL=1".$period_date_fin."\n";
    elseif($evt["periodicite_type"]=="mois")			$sortie .= "RRULE:FREQ=MONTHLY;INTERVAL=1;BYMONTHDAY=".trim(strftime("%e",strtotime($evt["date_debut"]))).$period_date_fin."\n";
    elseif($evt["periodicite_type"]=="jour_mois")		$sortie .= "RRULE:FREQ=MONTHLY;INTERVAL=1;BYMONTHDAY=".implode(",",array_map("abs",explode(",",$evt["periodicite_valeurs"]))).$period_date_fin."\n";
    elseif($evt["periodicite_type"]=="jour_semaine")	$sortie .= "RRULE:FREQ=WEEKLY;INTERVAL=1;BYDAY=".implode(",",array_map("jour_ical",explode(",",$evt["periodicite_valeurs"]))).$period_date_fin."\n";
    
    // EXCEPTION
    if ($evt["period_date_exception"])
    {
	foreach (text2tab($evt["period_date_exception"]) as $date_exception_tmp)
	{
	    //$sortie .="EXDATE:".date_ical($date_exception_tmp,false)."\n";
    	    $sortie .="EXDATE;VALUE=DATE:".str_replace('-','',$date_exception_tmp)."\n";
	}
    }
      
    //// ALARME
    if($evt["alarme"] != '')
    {
	$sortie .= "BEGIN:VALARM\n";
	$sortie .= "ACTION:DISPLAY\n";
	$sortie .= "TRIGGER;VALUE=DURATION:".$evt["alarme"]."\n";
	$sortie .= "END:VALARM\n";
    }
	
    ////	FIN DU ICAL
    $sortie .= "END:VEVENT\n";
    $sortie .= "END:VCALENDAR\n";
	
    //// CREATION FICHIER ICS TMP 
    $uri="agora_".uniqid(mt_rand()).".ics";
    $fichier_tmp = "tmp/".$uri."";
    $fp = fopen($fichier_tmp, "w");
    fwrite($fp, $sortie);
    fclose($fp);
    
    //// MAJ URI SQL
    db_query("UPDATE `gt_agenda_evenement` SET uri='".$uri."' WHERE id_evenement = '".$evt['id_evenement']."' ");
    
    //// Identifiant et pass user_tmp
    $identifiant_caldav ='';
    
    $identifiant_caldav = db_valeur("SELECT identifiant FROM `gt_utilisateur` WHERE id_utilisateur = '".$id_utilisateur."' ");
    $sha1_pass_caldav = db_valeur("SELECT pass FROM `gt_utilisateur` WHERE id_utilisateur = '".$id_utilisateur."' ");
        
    //// CURL
    // INIT
    $fullfilepath = realpath($fichier_tmp);
    include "token/cle.php";
    include "token/url.php";

    // Informations pour connexion avec jeton
    $informations= $identifiant_caldav.$sha1_pass_caldav;
    // On encode le jeton avec la clé secrète
    $token = sha1($informations.$Clecaldav);
    
    //TYPE
    $info_agenda = db_ligne("SELECT * FROM gt_agenda WHERE id_agenda = '".$id_agenda."' ");
    if ($info_agenda['type'] == 'utilisateur')
    {$url_caldav = "".$url_dav."/".$identifiant_caldav."/perso";}
    
    
    if ($info_agenda['type'] == 'ressource')
    {
	$name_ressource = str_replace(' ','_',$info_agenda['titre']);
	$url_caldav = "".$url_dav."/ressource".$id_agenda."/".$name_ressource."";
    }
    
    $params = array('file'=>"@$fullfilepath",'sabreAction'=>'put');	
	
    // REQUETE
    $curl = curl_init(); 
    curl_setopt($curl, CURLOPT_HTTPAUTH, CURLAUTH_BASIC ) ; 
    curl_setopt($curl, CURLOPT_USERPWD, "".$identifiant_caldav.":".$token.""); 
    curl_setopt($curl, CURLOPT_SSLVERSION,3); 
    curl_setopt($curl, CURLOPT_SSL_VERIFYPEER, FALSE); 
    curl_setopt($curl, CURLOPT_SSL_VERIFYHOST, 2); 
    curl_setopt($curl, CURLOPT_HEADER, true); 
    curl_setopt($curl, CURLOPT_POST, true); 
    curl_setopt($curl, CURLOPT_POSTFIELDS, $params ); 
    curl_setopt($curl, CURLOPT_RETURNTRANSFER, true); 
    curl_setopt($curl, CURLOPT_USERAGENT, "Mozilla/4.0 (compatible; MSIE 5.01; Windows NT 5.0)"); 
    curl_setopt($curl, CURLOPT_URL, $url_caldav); 

    $data = split("text/html", curl_exec($curl) ); 
    curl_close($curl);
    
    db_query("UPDATE `calendarobjects` SET id_evenement = '".$evt['id_evenement']."' WHERE uri='".$uri."' ");
    
    //// SUPPRESSION ICS TMP
    unlink($fichier_tmp);
}

//// VERIFIE QUE L'UTILISATEUR EST LE PROPRIETAIRE DE L'AGENDA 
function monagenda($id_agenda,$id_utilisateur)
{
  //INIT
  $monagenda = 0;
  
  $monagenda = db_valeur("SELECT COUNT(*) FROM gt_agenda WHERE id_agenda = '".$id_agenda."' AND id_utilisateur = '".$id_utilisateur."' ");
  if ($monagenda > 0)
  {return true;}
  else
  {return false;}
}
]]></action>
		</edit>
		</open>
        
        
        
        <open src="/module_agenda/index.php">
			<edit>
				<!-- trouver le texte suivant -->
				<find><![CDATA[////	INTEGRER UN EVENEMENT PROPOSE DANS UN AGENDA
////
if((isset($_GET["id_evt_confirm"]) || isset($_GET["id_evt_noconfirm"]))  &&  $AGENDAS_AFFICHES[$_GET["id_agenda"]]["droit"]>=2){
	if(isset($_GET["id_evt_confirm"]))	{ db_query("UPDATE gt_agenda_jointure_evenement SET confirme='1' WHERE id_evenement=".db_format($_GET["id_evt_confirm"])." AND id_agenda=".db_format($_GET["id_agenda"])); }
	else								{ db_query("DELETE FROM gt_agenda_jointure_evenement WHERE id_evenement=".db_format($_GET["id_evt_noconfirm"])." AND id_agenda=".db_format($_GET["id_agenda"])); }
]]></find>
				<!-- Action : remplacer par -->
				<action type="replace-with"><![CDATA[////	INTEGRER UN EVENEMENT PROPOSE DANS UN AGENDA
////
if((isset($_GET["id_evt_confirm"]) || isset($_GET["id_evt_noconfirm"]))  &&  $AGENDAS_AFFICHES[$_GET["id_agenda"]]["droit"]>=2){
	if(isset($_GET["id_evt_confirm"]))	
	{
		db_query("UPDATE gt_agenda_jointure_evenement SET confirme='1' WHERE id_evenement=".db_format($_GET["id_evt_confirm"])." AND id_agenda=".db_format($_GET["id_agenda"]));
		// CALDAV
		$statut_caldav_user = db_valeur("SELECT statut FROM `gt_caldav_preferences` WHERE id_utilisateur = '".$_SESSION['user']['id_utilisateur']."' AND id_agenda = '".$_GET["id_agenda"]."' ");
		if ($statut_caldav_user == 1)
		{
			$detail_evt = db_ligne("SELECT * FROM gt_agenda_evenement WHERE id_evenement=".db_format($_GET["id_evt_confirm"])." ");
			$fichier_ics = fichier_caldav($detail_evt,$_SESSION['user']['id_utilisateur'],$_GET["id_agenda"]);
			// EVTS MULTIPLES
			if($detail_evt['uri'])
			{
				$new_uri = db_valeur("SELECT uri FROM gt_agenda_evenement WHERE id_evenement = ".db_format($_GET["id_evt_confirm"])." ");
				db_query("UPDATE `calendarobjects` SET uri='".$new_uri."' WHERE id_evenement = ".db_format($_GET["id_evt_confirm"])." ");
			}
		}
	}
	else
	{
		db_query("DELETE FROM gt_agenda_jointure_evenement WHERE id_evenement=".db_format($_GET["id_evt_noconfirm"])." AND id_agenda=".db_format($_GET["id_agenda"]));
	}]]></action>
			</edit>
            <edit>
				<!-- trouver le texte suivant -->
				<find><![CDATA[////	SUPPR UN EVENEMENT DANS UN AGENDA
////
if(@$_GET["action"]=="suppr_evt"){
	suppr_evenement($_GET["id_evenement"], $_GET["id_agenda"], @$_GET["date_suppr"]);
	if(@$_GET["date_suppr"]!="")	redir(php_self());  // uniquement si modif d'evt
}]]></find>
				<!-- Action : remplacer par -->
				<action type="after-add"><![CDATA[//// ACTIVATION-DESACTIVATION CALDAV
////
if($_POST["valider_caldav"])
{
  $id_agenda_agora = $_POST['id_agenda_caldav'];
  $info_agenda = db_ligne("SELECT * FROM `gt_agenda` WHERE `id_utilisateur` =  '".$_SESSION['user']['id_utilisateur']."' AND `id_agenda`= '".$id_agenda_agora."' ");
      
  if(isset($_POST['caldav_on']))
  {
    //INIT
    
    if (($info_agenda['type']) == 'utilisateur')
    {
    // SQL
    db_query("UPDATE  `gt_caldav_preferences` SET `statut` = '1' WHERE  `id_utilisateur` = '".$_SESSION['user']['id_utilisateur']."' AND id_agenda = '".$id_agenda_agora."' ");
    db_query("INSERT INTO `calendars` SET id_utilisateur = '".$_SESSION['user']['id_utilisateur']."', id_agenda = '".$id_agenda_agora."', principaluri = 'principals/".$_SESSION['user']['identifiant']."', displayname = '".$_SESSION['user']['prenom']." ".$_SESSION['user']['nom']."', uri = 'perso', ctag ='1', timezone = 'EUROPE/PARIS', components = 'VEVENT,VTODO' ");
    db_query("INSERT INTO `principals` SET id_utilisateur = '".$_SESSION['user']['id_utilisateur']."',id_agenda = '".$id_agenda_agora."', uri = 'principals/".$_SESSION['user']['identifiant']."', displayname = '".$_SESSION['user']['identifiant']."' ");
    db_query("INSERT INTO `principals` SET id_utilisateur = '".$_SESSION['user']['id_utilisateur']."', id_agenda = '".$id_agenda_agora."', uri = 'principals/".$_SESSION['user']['identifiant']."/calendar-proxy-read' ");
    db_query("INSERT INTO `principals` SET id_utilisateur = '".$_SESSION['user']['id_utilisateur']."', id_agenda = '".$id_agenda_agora."', uri = 'principals/".$_SESSION['user']['identifiant']."/calendar-proxy-write' ");
    
      //// CREATION DES EVT CALDAV
      $liste_evenements = liste_evenements($id_agenda_agora, (time()-(86400*30)), (time()+(86400*3650)), false); // T-30jours => T+10ans
      foreach ($liste_evenements as $evt_tmp)
      {$fichier_ics = fichier_caldav($evt_tmp,$_SESSION['user']['id_utilisateur'],$id_agenda_agora);}
    }
    
    if (($info_agenda['type']) == 'ressource')
    {
	$member_id = db_valeur("SELECT id from principals where uri='principals/".$_SESSION['user']['identifiant']."' ");
	if (!$member_id)
	{
	alert($trad["CALDAV_alerte"]);
	redir('index.php');
	}
	else
	{
	// SQL
	db_query("UPDATE  `gt_caldav_preferences` SET `statut` = '1' WHERE  `id_utilisateur` = '".$_SESSION['user']['id_utilisateur']."' AND id_agenda = '".$id_agenda_agora."' ");
	
	$name_ressource = str_replace(' ','_',$info_agenda['titre']);
	
	db_query("INSERT INTO `calendars` SET id_utilisateur = '".$_SESSION['user']['id_utilisateur']."', id_agenda = '".$id_agenda_agora."', principaluri = 'principals/ressource".$info_agenda['id_agenda']."', displayname = '".$info_agenda['titre']."', uri = '".$name_ressource."', ctag ='1', timezone = db_query("INSERT INTO `principals` SET id_utilisateur = '".$_SESSION['user']['id_utilisateur']."', id_agenda = '".$id_agenda_agora."', uri = 'principals/ressource".$info_agenda['id_agenda']."', displayname = '".$name_ressource."' ");
	db_query("INSERT INTO `principals` SET id_utilisateur = '".$_SESSION['user']['id_utilisateur']."', id_agenda = '".$id_agenda_agora."', uri = 'principals/ressource".$info_agenda['id_agenda']."/calendar-proxy-read' ");
	db_query("INSERT INTO `principals` SET id_utilisateur = '".$_SESSION['user']['id_utilisateur']."', id_agenda = '".$id_agenda_agora."', uri = 'principals/ressource".$info_agenda['id_agenda']."/calendar-proxy-write' ");
	$principal_id_write = db_last_id();
	$sql_ecriture = db_query("INSERT INTO groupmembers SET id_utilisateur = '".$_SESSION['user']['id_utilisateur']."', id_agenda = '".$id_agenda_agora."', principal_id = '".$principal_id_write."', member_id = '".$member_id."' ");
		
	//// CREATION DES EVT CALDAV
	$liste_evenements = liste_evenements($id_agenda_agora, (time()-(86400*30)), (time()+(86400*3650)), false); // T-30jours => T+10ans
	foreach ($liste_evenements as $evt_tmp)
	{$fichier_ics = fichier_caldav($evt_tmp,$_SESSION['user']['id_utilisateur'],$id_agenda_agora);}
	}
    }

  }
  if(isset($_POST['caldav_off']))
  {
    if (($info_agenda['type']) == 'utilisateur')
    {
	db_query("UPDATE  `gt_caldav_preferences` SET `statut` = '0' WHERE  `id_utilisateur` = '".$_SESSION['user']['id_utilisateur']."' ");
	db_query("DELETE FROM `principals` WHERE id_utilisateur = '".$_SESSION['user']['id_utilisateur']."' ");
	db_query("DELETE FROM `groupmembers` WHERE id_utilisateur = '".$_SESSION['user']['id_utilisateur']."' ");
	$calendar_info = db_tableau("SELECT * FROM `calendars` WHERE `id_utilisateur` =  '".$_SESSION['user']['id_utilisateur']."' ");
	foreach ($calendar_info as $calendar_info_tmp)
	{
	  db_query("DELETE FROM `calendarobjects` WHERE calendarid = '".$calendar_info_tmp['id']."' ");
	}
	db_query("DELETE FROM `calendars` WHERE id_utilisateur = '".$_SESSION['user']['id_utilisateur']."' ");
    }
    if (($info_agenda['type']) == 'ressource')
    {
	db_query("UPDATE  `gt_caldav_preferences` SET `statut` = '0' WHERE  `id_utilisateur` = '".$_SESSION['user']['id_utilisateur']."' AND id_agenda = '".$id_agenda_agora."' ");
	db_query("DELETE FROM `principals` WHERE id_utilisateur = '".$_SESSION['user']['id_utilisateur']."' AND id_agenda = '".$id_agenda_agora."' ");
	db_query("DELETE FROM `groupmembers` WHERE id_utilisateur = '".$_SESSION['user']['id_utilisateur']."' AND id_agenda = '".$id_agenda_agora."' ");
	$calendar_id = db_valeur("SELECT `id` FROM `calendars` WHERE `id_utilisateur` =  '".$_SESSION['user']['id_utilisateur']."' AND id_agenda = '".$id_agenda_agora."' ");
	db_query("DELETE FROM `calendarobjects` WHERE calendarid = '".$calendar_id."' ");
	db_query("DELETE FROM `calendars` WHERE id = '".$calendar_id."' ");
    }
  }
redir('index.php');
}
]]></action>
			</edit>
            <edit>
				<!-- trouver le texte suivant -->
				<find><![CDATA[////	HEADER DE L'AGENDA]]></find>
				<!-- Action : remplacer par -->
				<action type="before-add"><![CDATA[//// CALDAV
				if ((monagenda($id_agenda,$_SESSION['user']['id_utilisateur'])) == true)
				{
				    $statut_caldav_tmp = db_valeur("SELECT statut FROM `gt_caldav_preferences` WHERE id_utilisateur = '".$_SESSION['user']['id_utilisateur']."' AND id_agenda = '".$id_agenda."' ");
				    if ($statut_caldav_tmp == NULL)
				    {
				      db_query("INSERT INTO `gt_caldav_preferences` SET id_utilisateur = '".$_SESSION['user']['id_utilisateur']."', id_agenda = '".$id_agenda."', statut ='0' ");
				    }
				
				    if ($statut_caldav_tmp == 1) 
				    {
					$style_caldav ='lien_select';
					$statut_caldav_name = 'caldav_off';
					$submit_caldav_value = $trad["CALDAV_off"];
					$txt_caldav = $trad["CALDAV_active"];
					$info_agenda_tmp = db_ligne("SELECT * FROM `gt_agenda` WHERE `id_utilisateur` =  '".$_SESSION['user']['id_utilisateur']."' AND `id_agenda`= '".$id_agenda."' ");
					if ($info_agenda_tmp['type'] == 'utilisateur')
					{
					  $url_synchro ="".$url_dav."/".$_SESSION['user']['identifiant']."/perso";
					  $url_principals = "".str_replace('calendars','principals',$url_dav)."/".$_SESSION['user']['identifiant']."";
					
					}
					if ($info_agenda_tmp['type'] == 'ressource')
					{
					    $name_ressource_tmp = str_replace(' ','_',$info_agenda_tmp['titre']);
					    $url_synchro = "".$url_dav."/ressource".$id_agenda."/".$name_ressource_tmp."";
						$url_principals = "".str_replace('calendars','principals',$url_dav)."/ressource".$info_agenda_tmp['id_agenda']."";
					}
				    }
				    else
				    {
					$style_caldav = 'lien';
					$statut_caldav_name = 'caldav_on';
					$submit_caldav_value = $trad["CALDAV_on"];
					$txt_caldav = $trad["CALDAV_inactive"];
					$url_synchro ='';
				    }
				
				    echo "<div id='caldav".$id_agenda."' style='margin-left:10px;display:none;'>";
				    echo "<hr style=\"clear:both;visibility:hidden;\">";
				    echo "<form name='form_caldav".$id_agenda."' action='index.php' method='POST' onsubmit='".$onsubmit_caldav."'>";
				    echo "<img style='margin-right:5px;' src=\"".PATH_TPL."module_agenda/caldav.png\" />";
				    echo "<span class = '".$style_caldav."'";
				    if ($url_synchro)
				    {
					echo "".infobulle("".$trad["CALDAV_info_adresse"]."<br>".$trad["CALDAV_Android"].$url_dav."<br>".$trad["CALDAV_Lightning"].$url_synchro."<br>".$trad["CALDAV_Iphone"].$url_principals."")."";
				    }
				    echo ">".$trad["CALDAV_synchro"].$txt_caldav."</span>";
				    echo "<input type='hidden' name='id_agenda_caldav' value='".$id_agenda."'>";				
				    echo "<input type='hidden' name= $statut_caldav_name value= $statut_caldav>";				
				    echo "<input class='button' style='margin-left:30px;width:40px;' type='submit' name='valider_caldav' value=$submit_caldav_value>";
				    if ($url_synchro)
					{
						echo "<i class='lien' style='margin-left:20px;' ".infobulle("".$trad["CALDAV_info_adresse"]."<br>".$trad["CALDAV_Android"].$url_dav."<br>".$trad["CALDAV_Lightning"].$url_synchro."<br>".$trad["CALDAV_Iphone"].$url_principals."").">".$trad["CALDAV_afficher_adresse"]."</i>";
					}
				
				    echo "</form>";
				  
				    // AFFICHAGE LIEN CONFIG
				    if ($statut_caldav_tmp == 1)
				    {
					echo "<table style='margin-left:25px;'>";
					echo "<tr class=\"lien\" onClick=\"edit_iframe_popup('caldav_config.php?id_agenda=".$id_agenda."');\"><td class=\"menu_gauche_txt\"><img style=\"margin-right:5px;\" src=\"".PATH_TPL."divers/fleche_droite.png\">".$trad["CALDAV_configurer"]."</td></tr>";
					echo "</table>";
				    }
				    echo "<hr/>";
				    echo "</div>";
				}
				else
				{
				    // AFFICHAGE IMAGE ET ADRESSE SI DROITS CALDAV
				    $info_agenda_tmp = db_ligne("SELECT * FROM `gt_agenda` WHERE `id_agenda`= '".$id_agenda."' ");
				    $identifiant_caldav_tmp = db_valeur("SELECT identifiant FROM gt_utilisateur WHERE id_utilisateur = '".$info_agenda_tmp['id_utilisateur']."' ");
					
	
				    if (($info_agenda_tmp['type']) == 'utilisateur')
				    {
					$principal_id_read = db_valeur("SELECT id from principals where uri='principals/".$identifiant_caldav_tmp."/calendar-proxy-read' ");
					$principal_id_write = db_valeur("SELECT id from principals where uri='principals/".$identifiant_caldav_tmp."/calendar-proxy-write' ");
					$url_synchro ="".$url_dav."/".$identifiant_caldav_tmp."/perso";
					$url_principals = "".str_replace('calendars','principals',$url_dav)."/".$identifiant_caldav_tmp."";
					}
	
				    if (($info_agenda_tmp['type']) == 'ressource')
				    {
					$principal_id_read = db_valeur("SELECT id from principals where uri='principals/ressource".$info_agenda_tmp['id_agenda']."/calendar-proxy-read' ");
					$principal_id_write = db_valeur("SELECT id from principals where uri='principals/principals/ressource".$info_agenda_tmp['id_agenda']."/calendar-proxy-write' ");
					$name_ressource_tmp = str_replace(' ','_',$info_agenda_tmp['titre']);
					$url_synchro = "".$url_dav."/ressource".$info_agenda_tmp['id_agenda']."/".$name_ressource_tmp."";
				    $url_principals = "".str_replace('calendars','principals',$url_dav)."/ressource".$info_agenda_tmp['id_agenda']."";
					}
				    
				    // TEST DROITS
				    $member_id = db_valeur("SELECT id from principals where uri='principals/".$_SESSION['user']['identifiant']."' ");
				    
				    $test_acces_lecture = db_valeur("SELECT count(*) from groupmembers where principal_id = '".$principal_id_read."' AND member_id = '".$member_id."' ");
				    $test_acces_ecriture = db_valeur("SELECT count(*) from groupmembers where principal_id = '".$principal_id_write."' AND member_id = '".$member_id."' ");
	    			}
	    			//// FIN CALDAV
			]]></action>
		      
		<!-- trouver le texte suivant -->
		<find><![CDATA[		echo "<img src=\"".PATH_TPL."module_agenda/mois.gif\" onClick=\"redir('index.php?affichage_demande=mois');\" ".infobulle($trad["AGENDA_evt_mois"])." class='menu_agenda' />&nbsp;";
		]]></find>
	      	<action type="after-add"><![CDATA[//CALDAV
					      if ((monagenda($id_agenda,$_SESSION['user']['id_utilisateur'])) == true)
					      {echo "&nbsp; &nbsp;<img style=\"width:18px;\" src=\"".PATH_TPL."module_agenda/caldav.png\" onClick=\"$('#caldav".$id_agenda."').toggle();\" ".infobulle($trad["CALDAV_aff_masq"])." class='menu_agenda' />";}
					      if (($test_acces_ecriture) || ($test_acces_lecture))
					      {echo "&nbsp; &nbsp;<img style=\"width:18px;\" src=\"".PATH_TPL."module_agenda/caldav.png\" ".infobulle("".$trad["CALDAV_info_adresse"]."<br>".$trad["CALDAV_Android"].$url_dav."<br>".$trad["CALDAV_Lightning"].$url_synchro."<br>".$trad["CALDAV_Iphone"].$url_principals."")." class='menu_agenda' />";}
					      // FIN CALDAV
					      ]]></action>
			
					
			</edit>
		</open>
		
        <open src="/module_agenda/evenement_edit.php">
			<edit>
				<!-- trouver le texte suivant -->
				<find><![CDATA[db_query("UPDATE gt_agenda_evenement SET ".$corps_sql." WHERE id_evenement=".db_format($_POST["id_evenement"]));
			add_logs("modif", $objet["evenement"], $_POST["id_evenement"]);]]></find>
				<!-- Action : remplacer par -->
				<action type="after-add"><![CDATA[//CALDAV
			db_query("UPDATE gt_agenda_evenement SET lieu = ".db_format(@$_POST["caldav_lieu"]).", alarme = '".$_POST['alarme_caldav']."' WHERE id_evenement=".db_format($_POST["id_evenement"]));
			$uri = 	db_valeur("SELECT uri FROM gt_agenda_evenement  WHERE id_evenement=".db_format($_POST["id_evenement"])." ");
			db_query("DELETE FROM calendarobjects WHERE uri = '".$uri."' ");
			]]></action>
			</edit>
            <edit>
				<!-- trouver le texte suivant -->
				<find><![CDATA[db_query("INSERT INTO gt_agenda_evenement SET date_crea='".db_insert_date()."', id_utilisateur='".$_SESSION["user"]["id_utilisateur"]."', invite=".db_format(@$_POST["invite"]).", ".$corps_sql);
			$_POST["id_evenement"] = db_last_id();
			add_logs("ajout", $objet["evenement"], $_POST["id_evenement"]);
			]]></find>
				<!-- Action : remplacer par -->
				<action type="after-add"><![CDATA[// CALDAV
			db_query("UPDATE gt_agenda_evenement SET lieu = ".db_format(@$_POST["caldav_lieu"]).", alarme = ".db_format(@$_POST['alarme_caldav'])." WHERE id_evenement=".db_format($_POST["id_evenement"])." ");]]></action>
			</edit>
            <edit>
				<!-- trouver le texte suivant -->
				<find><![CDATA[if(isset($_POST["agenda_affectations"]))
	{]]></find>
				<!-- Action : remplacer par -->
				<action type="after-add"><![CDATA[$cpt_evt = 0;]]></action>
			</edit>
            <edit>
				<!-- trouver le texte suivant -->
				<find><![CDATA[if($agenda_tmp["type"]=="utilisateur")	$tab_id_user_notif[] = $agenda_tmp["id_utilisateur"];]]></find>
				<!-- Action : remplacer par -->
				<action type="after-add"><![CDATA[//// CALDAV
			$id_utilisateur_tmp = 0;
			$id_utilisateur_tmp = db_valeur("SELECT id_utilisateur FROM `gt_caldav_preferences` WHERE id_agenda = '".$id_agenda."' AND statut = '1' ");
			if ($id_utilisateur_tmp > 0)
			{
				//	TRANSFERT CALDAV
				$detail_evt = db_ligne("SELECT * FROM gt_agenda_evenement WHERE id_evenement = '".$_POST['id_evenement']."' ");
				$fichier_ics = fichier_caldav($detail_evt,$id_utilisateur_tmp,$id_agenda);
				$cpt_evt++;
			}
		}
		if ($cpt_evt>1)
		{
		  $new_uri = db_valeur("SELECT uri FROM gt_agenda_evenement WHERE id_evenement = '".$_POST['id_evenement']."' ");
		  db_query("UPDATE `calendarobjects` SET uri='".$new_uri."' WHERE id_evenement = '".$_POST['id_evenement']."' ");
		}]]></action>
			</edit>
            <edit>
				<!-- trouver le texte suivant -->
				<find><![CDATA[echo "<script> set_value('important','".@$evt_tmp["important"]."');  style_select('important'); </script>";
			]]></find>
				<!-- Action : remplacer par -->
				<action type="after-add"><![CDATA[//CALDAV
			echo "<hr class='hr_details' />";
			echo "<img style='margin-right:5px;' src=\"".PATH_TPL."module_agenda/caldav.png\" />";
			echo "<span style='margin-right:50px;'>".$trad["CALDAV_nom"]."</span>";
			echo "<span>".$trad["CALDAV_lieu"]."</span>";
			echo "<input type='text' style='margin-left:5px;margin-right:20px;width:150px;' name='caldav_lieu' value = '".$evt_tmp["lieu"]."'>";
			echo $trad["CALDAV_rappel"];
			echo "<select name='alarme_caldav' onChange=\"style_select(this.name);\">";
			echo "<option value='0'>aucun</option>";
			echo "<option value='-PT5M'>5 min</option>";
			echo "<option value='-PT15M'>15 min</option>";
			echo "<option value='-PT30M'>30 min</option>";
			echo "<option value='-PT1H'>1 h</option>";
			echo "<option value='-PT2H'>2 h</option>";
			echo "<option value='-PT12H'>12 h</option>";
			echo "<option value='-P1D'>1 j</option>";
			echo "<option value='-P2D'>2 j</option>";
			echo "<option value='-P1W'>1 s</option>";
			echo "</select>";
			echo " avant.";
			echo "<script> set_value('alarme_caldav','".@$evt_tmp["alarme"]."');  style_select('alarme_caldav'); </script>";
			// FIN CALDAV]]></action>
			</edit>
            <edit>
				<!-- trouver le texte suivant -->
				<find><![CDATA[////	AFFICHAGE
			echo "<table class='affect_users_groupes' cellspacing='1px'>";
				echo "<tr>";]]></find>
				<!-- Action : remplacer par -->
				<action type="after-add"><![CDATA[// CALDAV
					$statut_caldav_user = db_valeur("SELECT statut FROM gt_caldav_preferences WHERE id_agenda = '".$agenda_tmp["id_agenda"]."' ");
					echo "<td ".infobulle($trad["CALDAV_synchro"].$trad["CALDAV_active"])." style='width:17px;' >";
					if($statut_caldav_user == 1)
					{
					    echo "<img style='width:15px;margin-left:2px;' src=\"".PATH_TPL."module_agenda/caldav.png\" />";
					}
					echo "</td>";]]></action>
			</edit>
            
		</open>
		
		<open src="/module_agenda/evenement.php">
			<edit>
				<!-- trouver le texte suivant -->
				<find><![CDATA[	////	PLAGE HORAIRE + DESCRIPTION
				echo $evt_tmp["titre"]."<div style='margin-top:10px;font-weight:normal;'>".nl2br($evt_tmp["description"])."</div>";
				]]></find>
				<!-- Action : remplacer par -->
				<action type="replace-with"><![CDATA[////	PLAGE HORAIRE + DESCRIPTION
	echo $evt_tmp["titre"];
	if (($evt_tmp["description"]) || ($evt_tmp["lieu"]))
	{
	    echo "<hr/>";
	    if ($evt_tmp["description"])
	    {echo "<div style='margin-top:10px;font-weight:normal;'><b><u>".$trad['description']."</u> : </b>".nl2br($evt_tmp["description"])."</div>";}
	    //// CALDAV : LIEU
	    if ($evt_tmp["lieu"])
	    {echo "<div style='margin-top:10px;font-weight:normal;'><b><u>".$trad['CALDAV_lieu']."</u> : </b><br/>".$evt_tmp["lieu"]."</div>";}
	}]]></action>
			</edit>
        	</open>
        
        
        
        
        <open src="/module_agenda/token/url.php">
			<edit>
				<comment lang="fr">Remplacer http:// par l'adresse de votre Agora</comment>
                <!-- trouver le texte suivant -->
				<find><![CDATA[$uri_agora="http://";]]></find>
				<!-- Action : remplacer par -->
				<action type="replace-with"><![CDATA[$uri_agora="http://www.monsite.fr/monAgora";]]></action>
			</edit>
	</open>
	
	<open src="/module_agenda/token/cle.php">
			<edit>
				<comment>Changer clé de cryptage mot de passe.</comment>
				<comment>----------------------------------------------------------------------------------------------------------</comment>
				<comment>N'oubliez pas le transfert du dossier root/module_agenda dans /votreagora avant l'installation</comment>
				<comment>----------------------------------------------------------------------------------------------------------</comment>
				<!-- trouver le texte suivant -->
				<find><![CDATA[$Clecaldav = "7QRkYHlNsYEsL5p9qO";]]></find>
				<!-- Action : remplacer par -->
				<action type="replace-with"><![CDATA[$Clecaldav = "unecleauchoix";]]></action>
			</edit>
	</open>
	
		
		<!-- Fichier que l'utilisateur doit lancer pour finir l'installation -->
		<php-installer>module_agenda/install.php</php-installer>
		<diy-instructions lang="fr">
Attention dans le cas d'une mise à jour supprimer le fichier root/token/cle.php !
        
Activer le partage caldav sur les agendas souhaités puis paramétrer votre appareil externe pour se connecter à votre agenda en vous aidant de l'adresse indiquée dans Agora (Afficher adresse)

Exemple d'adresses de synchro pour un agenda utilisateur : 
- Android : http://monAgora/dav/caldav.php/calendars
- Lightning : https://monAgora/dav/caldav.php/calendars/identifiant_agora/perso
- Iphone : https://monAgora/dav/caldav.php/principals/identifiant_agora/
		</diy-instructions>
	</action-group>
</mod>
