<?xml version="1.0" encoding="utf-8" standalone="yes" ?>
<?xml-stylesheet type="text/xsl" href="modx.format.xsl"?>

<mod xmlns:xsi="http://www.w3.org/2001/XMLSchema-instance" xmlns="modx-1.2.5.xsd">
	<header>
		<!-- Adresse où peut être consultée la licence sous laquelle le module est distribué -->
		<license>http://creativecommons.org/licenses/by-nc-sa/3.0/fr/</license>
		<!-- Nom du module -->
		<title lang="fr">Icônes Dossiers</title>
		<!-- Description brève du module -->
		<description lang="fr">Ce module permet de personnaliser les icônes des dossiers.</description>
		<!-- Notes additionnelles de l'auteur -->
		<!--<author-notes lang="fr">Notes additionnelles de l'auteur</author-notes>-->
		

		<author-group>
			<author>
				<!-- Nom de l'auteur -->
				<realname>Cyrakuse</realname>
				<!-- Pseudo de l'auteur sur Cyrakuse.fr -->
				<username cyrakuse="yes">Cyrakuse</username>
				<!-- Adresse du site internet de l'auteur -->
				<homepage>http://www.cyrakuse.fr</homepage>
				<contributions-group>
					<contributions from='01/08/2012' status='current' position='Développeur'></contributions>
				</contributions-group>
			</author>
			<author>
				<!-- Pseudo de l'auteur sur Cyrakuse.fr -->
				<username cyrakuse="no">Moloud</username>
				<contributions-group>
					<contributions from='10/12/2011' to='17/12/2011' status='past' position='Développement de la version initiale'></contributions>
				</contributions-group>
			</author>
		</author-group>
		
		<!-- Version du module -->
		<mod-version>1.2</mod-version>

		<installation>
			<!-- Niveau de difficulté de l'installation (facile, moyen, difficile) -->
			<level>difficile</level>
			<!-- Temps nécessaire pour installer le module (en secondes) -->
			<time>600</time>
			<!-- Version d'Agora nécessaire pour installer le module -->
			<target-version>2.16.4.1</target-version>
		</installation>

		<!-- Historique des versions -->
		<history>
			<entry>
				<!-- Date de l'hitorique -->
				<date>05/11/2012</date>
				<!-- Version du module -->
				<rev-version>1.2</rev-version>
				<changelog lang="fr">
					<!-- Description des modifications -->
					<change>Correction de l'intitulé de la bulle du bouton supprimer (celle qui permet de supprimer une icône dans le paramétrage général)</change>
				</changelog>
			</entry>
			<entry>
				<!-- Date de l'hitorique -->
				<date>01/08/2012</date>
				<!-- Version du module -->
				<rev-version>1.1</rev-version>
				<changelog lang="fr">
					<!-- Description des modifications -->
					<change>Version reprise par Cyrakuse</change>
				</changelog>
			</entry>
			<entry>
				<date>10/12/2011</date>
				<rev-version>1.0</rev-version>
				<changelog lang="fr">
					<change>Version initiale du module développée par Moloud</change>
				</changelog>
			</entry>
		</history>

	</header>
<!-- A partir du moment où du code (sql ou php) est mis, il faut l'encadrer des balises <![CDATA[ et ]]> car sinon cela créer un bug d'affichage. 
	Cela permet à la page de ne pas interpréter ce code -->
	
	<action-group>
		<!-- Requête SQL -->
		<sql dbms="mysql"><![CDATA[ALTER TABLE `gt_fichier_dossier` ADD `icone` TEXT NULL AFTER `id_utilisateur_modif`;
ALTER TABLE `gt_contact_dossier` ADD `icone` TEXT NULL AFTER `id_utilisateur_modif`;
ALTER TABLE `gt_lien_dossier` ADD `icone` TEXT NULL AFTER `id_utilisateur_modif`;
ALTER TABLE `gt_tache_dossier` ADD `icone` TEXT NULL AFTER `id_utilisateur_modif`;]]></sql>
		
		<!-- Fichier à copier -->
		<copy>
			<!-- Source -->
			<file from="root/stock_fichiers/icone_dossier/" to="/stock_fichiers/icone_dossier/" />
			<file from="root/templates/icone_dossier/" to="/templates/icone_dossier/" />
		</copy>


		<!-- Modification des fichiers -->
		
		
		
		<open src="/divers/dossier_edit.php">
			<edit>
				<!-- trouver le texte suivant -->
				<find><![CDATA[db_query("UPDATE ".$objet_dossier["table_objet"]." SET ".$corps_sql." WHERE id_dossier=".db_format($_POST["id_dossier"]));]]></find>
				<!-- Action : remplacer par -->
				<action type="after-add"><![CDATA[if(@$_POST["icone_dossier"]!="defaut")	{ db_query("UPDATE ".$objet_dossier["table_objet"]." SET icone=".db_format(@$_POST["icone_dossier"])." WHERE id_dossier=".db_format($_POST["id_dossier"])); }
	    else									{ db_query("UPDATE ".$objet_dossier["table_objet"]." SET icone=null  WHERE id_dossier=".db_format($_POST["id_dossier"])); }
		]]></action>
			</edit>
			<edit>
				<!-- trouver le texte suivant -->
				<find><![CDATA[db_query("INSERT INTO ".$objet_dossier["table_objet"]." SET id_dossier_parent='".intval($_POST["id_dossier_parent"])."', date_crea='".db_insert_date()."', id_utilisateur='".$_SESSION["user"]["id_utilisateur"]."', invite=".db_format(@$_POST["invite"]).", ".$corps_sql);]]></find>
				<!-- Action : remplacer par -->
				<action type="replace-with"><![CDATA[db_query("INSERT INTO ".$objet_dossier["table_objet"]." SET id_dossier_parent='".intval($_POST["id_dossier_parent"])."', icone=".db_format(@$_POST["icone_dossier"]).", date_crea='".db_insert_date()."', id_utilisateur='".$_SESSION["user"]["id_utilisateur"]."', invite=".db_format(@$_POST["invite"]).", ".$corps_sql);
		]]></action>
			</edit>
			<edit>
				<!-- trouver le texte suivant -->
				<find><![CDATA[<textarea name="description" id="div_description" style="<?php if(@$dossier_tmp["description"]=="") echo "display:none;"; ?>width:99%;height:30px;"><?php echo @$dossier_tmp["description"]; ?></textarea>]]></find>
				<!-- Action : remplacer par -->
				<action type="after-add"><![CDATA[<tr style="text-align:left;">
				<td><?php echo $trad["DIVERS_icone_dossier"]; ?></td>
				<td><?php echo menu_icones_dossier(@$dossier_tmp["icone"]); ?></td>
		</tr>]]></action>
			</edit>
		</open>
		<open src="/fonctions/menu.inc.php">
			<edit>
				<!-- trouver le texte suivant -->
				<find><![CDATA[////	ICONE DE MODIF]]></find>
				<!-- Action : remplacer par -->
				<action type="before-add"><![CDATA[////LISTE ICONE DOSSIER DISPONIBLE


function menu_icones_dossier($icone_dossier_select, $parametrage_dossier=false)
{
	// Init
	global $trad;

	////	JAVASCRIPT DE MODIF
	$menu_tmp = "<script type=\"text/javascript\">  function gestion_icone_dossier() {";
	// Init
	$menu_tmp .= "img_select = element('icone_dossier_select').value; ";
	$menu_tmp .= "img_nom	 = img_select.replace('".BG_DEFAULT."',''); ";
	// Change l'image icone du dossier
	$menu_tmp .= "if(trouver('".BG_DEFAULT."',img_select))	{ element('icone_dossier_img').src = \"".PATH_DIVERS."vignette_img.php?chemin_img=".PATH_ICONE."\" + img_nom; } ";
	$menu_tmp .= "else if(img_select!='ajouter')			{ element('icone_dossier_img').src = \"".PATH_DIVERS."vignette_img.php?chemin_img=".PATH_ICONE_USER."\" + img_nom; } ";
	//	Ajoute un fond d'écran ?  Affiche bouton suppr (fond perso)
	if($parametrage_dossier==true){
		$menu_tmp .= "(img_select=='ajouter')  ?  afficher('fichier_icone_dossier',true)  :  afficher('fichier_icone_dossier',false);";
		$menu_tmp .= "suppr_icone_dossier = \"&nbsp; <span class='lien' onClick=\\\"if(confirm('".addslashes($trad["confirmer"])."')) redir('index.php?suppr_icone_dossier=\"+ img_nom +\"');\\\"><img src='".PATH_TPL."divers/supprimer.png' /> ".$trad["supprimer"]."</span>\"; ";
		$menu_tmp .= "element('bouton_suppr_icone_dossier').innerHTML =  (trouver('".BG_DEFAULT."',img_select)==false && img_select!='ajouter')  ?  suppr_icone_dossier  :  ''; ";
	}
	$menu_tmp .= "}  </script>";

	////	CHEMIN D'ICONE DOSSIER
	$img_src = (preg_match("/".BG_DEFAULT."/i",$icone_dossier_select))  ?  PATH_ICONE.str_replace(BG_DEFAULT,"",$icone_dossier_select)  :  PATH_ICONE_USER.$icone_dossier_select;
	if(is_file($img_src)==false)	$img_src = PATH_ICONE."1.png";

	////	LISTE DES ICONES DOSSIER  (PAR DEFAUT + PERSO)
	$icones_dossier_tmp = array();
	$dir = opendir(PATH_ICONE);
	while($elem = readdir($dir))	{ $icones_dossier_tmp[] = array("chemin"=>PATH_ICONE.$elem, "valeur"=>BG_DEFAULT.$elem, "nom"=>$elem, "nom_sans_ext"=>str_replace(extension($elem),"",$elem)); }
	$icones_dossier_tmp = array_multi_sort($icones_dossier_tmp, "nom_sans_ext");
	$dir = opendir(PATH_ICONE_USER);
	while($elem = readdir($dir))	{ $icones_dossier_tmp[] = array("chemin"=>PATH_ICONE_USER.$elem, "valeur"=>$elem, "nom"=>$elem, "nom_sans_ext"=>str_replace(extension($elem),"",$elem)); }

	////	IMAGE  &  MENU DE SELECTION
	$menu_tmp .= "<img src=\"\" id=\"icone_dossier_img\" style=\"max-width:150px;max-height:150px;vertical-align:middle;\" /> &nbsp; ";
	$menu_tmp .= "<select name=\"icone_dossier\" ".($parametrage_dossier==true?"size='6'":"")." style=\"vertical-align:top;min-width:120px;\" id=\"icone_dossier_select\" OnChange=\"gestion_icone_dossier();\">";
		// "Par défaut" / "Ajouter"
		if($parametrage_dossier==false)	$menu_tmp .= "<option value=\"\">".$trad["par_defaut"]."</option>";
		else							$menu_tmp .= "<option value=\"ajouter\" style='color:#b00;font-weight:bold;'>".$trad["ajouter"]."</option>";
		// Liste des icones dossiers dispo
		foreach($icones_dossier_tmp as $icone_dossier_tmp){
			if(is_file($icone_dossier_tmp["chemin"]))	$menu_tmp .= "<option value=\"".$icone_dossier_tmp["valeur"]."\" ".($icone_dossier_select==$icone_dossier_tmp["valeur"]?"selected":"").">".$icone_dossier_tmp["nom"]."</option>";
		}
	$menu_tmp .= "</select> &nbsp; ";

	////	BOUTON SUPPR & INPUT AJOUT & JAVASCRIPT D'AFFICHAGE
	if($parametrage_dossier==true){
		$menu_tmp .="<span id=\"bouton_suppr_icone_dossier\" ".infobulle($trad["PARAMETRAGE_suppr_fond_ecran"])."></span>";
		$menu_tmp .="<input type=\"file\" name=\"fichier_icone_dossier\" id=\"fichier_icone_dossier\" class=\"cacher\" />";
	}
	$menu_tmp .= "<script type=\"text/javascript\"> gestion_icone_dossier(); </script>";

	return $menu_tmp;
}	
]]></action>
				</edit>
				
			
		</open>
		
		<open src="/includes/dossiers.inc.php">
			<edit>
				<!-- trouver le texte suivant -->
				<find><![CDATA[////	AFFICHAGE BLOCK]]></find>
				<!-- Action : remplacer par -->
				<action type="before-add"><![CDATA[//// ICONE DU DOSSIER
	if ($dossier_tmp["icone"] == null) {
		$img_src=PATH_ICONE."1.png";
	}else{
		$img_src = (preg_match("/".BG_DEFAULT."/i",$dossier_tmp["icone"]))  ?  PATH_ICONE.str_replace(BG_DEFAULT,"",$dossier_tmp["icone"])  :  PATH_ICONE_USER.$dossier_tmp["icone"];
	}]]></action>
			</edit>
			<edit>
				<comment lang="fr">Ici, il faut "remplacer par" à chaque fois que le texte à trouver apparait. Cela doit apparaitre 3 fois.</comment>
				<!-- trouver le texte suivant -->
				<find><![CDATA[PATH_TPL."divers/dossier.png\" "]]></find>
				<!-- Action : ajouter après -->
				<action type="replace-with"><![CDATA[$img_src."\""]]></action>
			</edit>
		</open>
		
		<open src="/includes/global.inc.php">
			<edit>
				<!-- trouver le texte suivant -->
				<find><![CDATA[define("PATH_OBJECT_FILE", PATH_STOCK_FICHIERS."fichiers_objet/");]]></find>
				<!-- Action : remplacer par -->
				<action type="after-add"><![CDATA[///ICONES DE DOSSIER
define("PATH_ICONE_USER", PATH_STOCK_FICHIERS."icone_dossier/");
define("PATH_ICONE", PATH_TPL."icone_dossier/");]]></action>
			</edit>
		</open>
		
		<open src="/module_parametrage/index.php">
			<edit>
				<!-- trouver le texte suivant -->
				<find><![CDATA[////	LOGO EN BAS DE PAGE]]></find>
				<!-- Action : remplacer par -->
				<action type="before-add"><![CDATA[////	ICONE DOSSIER
	////
	////	NOUVEAU
	if(@$_POST["icone_dossier"]=="ajouter" && is_uploaded_file($_FILES["fichier_icone_dossier"]["tmp_name"]))
	{
		if(controle_fichier("image_gd",$_FILES["fichier_icone_dossier"]["name"])==false)	{ alert($trad["PARAMETRAGE_erreur_fond_ecran_logo"]); }
		else {
			$nom_image = suppr_carac_spe($_FILES["fichier_icone_dossier"]["name"],"maxi");
			$path_image1 = PATH_ICONE_USER.$nom_image;
			move_uploaded_file($_FILES["fichier_icone_dossier"]["tmp_name"], $path_image1);
			@chmod($path_image1,0775);
			if($_FILES["fichier_icone_dossier"]["size"]>102400)	reduire_image($path_image1, $path_image1, 52, 52);
		}
	}]]></action>
			</edit>
			<edit>
				<!-- trouver le texte suivant -->
				<find><![CDATA[////	SUPPRESSION D'UN FOND D'ECRAN]]></find>
				<!-- Action : remplacer par -->
				<action type="before-add"><![CDATA[//////SUPPRESSION ICONE DOSSIER
if(isset($_GET["suppr_icone_dossier"])){
	if(is_file(PATH_ICONE_USER.$_GET["suppr_icone_dossier"]))				unlink(PATH_ICONE_USER.$_GET["suppr_icone_dossier"]);
}]]></action>
			</edit>
			<edit>
				<!-- trouver le texte suivant -->
				<find><![CDATA[////	LOGO DU FOOTER]]></find>
				<!-- Action : ajouter après -->
				<action type="before-add"><![CDATA[///////  ICONE DOSSIER
			
			echo "<tr>";
				echo "<td class=\"titre_line\" >".$trad["DIVERS_icone_dossier"]."</td>";
				echo "<td style=\"vertical-align:top\">".menu_icones_dossier("", true)."</td>";
			echo "</tr>";]]></action>
			</edit>
		</open>
		
		<open src="/traduction/francais.php">
			<edit>
				<!-- trouver le texte suivant -->
				<find><![CDATA[?>]]></find>
				<!-- Action : remplacer par -->
				<action type="before-add"><![CDATA[//// GESTION DES ICONES DE DOSSIERS
$trad["DIVERS_icone_dossier"]="Icône dossier";]]></action>
			</edit>
		</open>

		
	</action-group>
</mod>
