<?xml version="1.0" encoding="utf-8" standalone="yes" ?>
<?xml-stylesheet type="text/xsl" href="modx.format.xsl"?>

<mod xmlns:xsi="http://www.w3.org/2001/XMLSchema-instance" xmlns="modx-1.2.5.xsd">
	<header>
		<!-- Adresse où peut être consultée la licence sous laquelle le module est distribué -->
		<license>http://creativecommons.org/licenses/by-nc-sa/3.0/fr/</license>
		<!-- Nom du module -->
		<title lang="fr">Statistiques</title>
		<!-- Description brève du module -->
		<description lang="fr">Ce module permet d'obtenir des graphiques statistiques à partir des logs de Agora.</description>

		

		<author-group>
			<author>
				<!-- Nom de l'auteur -->
				<realname>Cyrakuse</realname>
				<!-- Pseudo de l'auteur sur Cyrakuse.fr -->
				<username cyrakuse="yes">Cyrakuse</username>
				<!-- Adresse du site internet de l'auteur -->
				<homepage>http://www.cyrakuse.fr</homepage>
				<!-- Adresse mail de l'auteur -->
				<email>cyrakuse@free.fr</email>
				<!-- Description de la contribution -->
				<contributions-group>
					<contributions from='01/02/2013' status='current' position='Développeur'></contributions>
				</contributions-group>
			</author>
		</author-group>
		
		<!-- Version du module -->
		<mod-version>1.1</mod-version>

		<installation>
			<!-- Niveau de difficulté de l'installation (facile, moyen, difficile) -->
			<level>facile</level>
			<!-- Temps nécessaire pour installer le module (en secondes) -->
			<time>180</time>
			<!-- Version d'Agora nécessaire pour installer le module -->
			<target-version>2.16.3</target-version>
		</installation>

		<!-- Historique des versions -->
		<history>
			<entry>
				<date>01/02/2013</date>
				<rev-version>1.0</rev-version>
				<changelog lang="fr">
					<change>Version initiale du module</change>
				</changelog>
			</entry>
			<entry>
				<date>11/02/2013</date>
				<rev-version>1.1</rev-version>
				<changelog lang="fr">
					<change>Corrige un bug empéchant les graphiques de s'afficher lorsqu'un espace contient des caractères spéciaux.</change>
				</changelog>
			</entry>
		</history>

	</header>
<!-- A partir du moment où du code (sql ou php) est mis, il faut l'encadrer des balises <![CDATA[ et ]]> car sinon cela créer un bug d'affichage. 
	Cela permet à la page de ne pas interpréter ce code -->
	
	<action-group>
		<!-- Fichier à copier -->
		<copy>
			<file from="root/module_logs/" to="/module_logs/" />
			<file from="root/templates/divers/stats.png" to="/templates/divers/stats.png" />
		</copy>
		
		<!-- Modification des fichiers -->
		
		<open src="/module_logs/index.php">
			<edit>
				<!-- trouver le texte suivant -->
				<find><![CDATA[<div class="contenu_principal_centre" style="<?php echo STYLE_SHADOW_FORT; ?>">]]></find>
				<!-- Action : remplacer par -->
				<action type="before-add"><![CDATA[<div onClick="redir('stats.php');" class="lien" style="z-index:-10;margin-top:2px;text-align:center;">
	<span style="padding:6px;<?php echo STYLE_BLOCK; ?>">
		<img src="<?php echo PATH_TPL; ?>divers/stats.png" style="height:18px;" />Statistiques
	</span>
</div>]]></action>
			</edit>
		</open>
		
		<diy-instructions lang="fr">Il ne vous reste plus qu'à aller sur la page des logs et de cliquer sur le bouton "Statistiques"</diy-instructions>
	</action-group>
</mod>
