<?xml version="1.0" encoding="utf-8" standalone="yes" ?>
<?xml-stylesheet type="text/xsl" href="modx.format.xsl"?>

<mod xmlns:xsi="http://www.w3.org/2001/XMLSchema-instance" xmlns="modx-1.2.5.xsd">
	<header>
		<!-- Adresse où peut être consultée la licence sous laquelle le module est distribué -->
		<license>http://creativecommons.org/licenses/by-nc-sa/3.0/fr/</license>
		<!-- Nom du module -->
		<title lang="fr">Module Courriel Roundcube</title>
		<!-- Description brève du module -->
		<description lang="fr">Ce module permet l'intégration de Roundcube.</description>
		<!-- Notes additionnelles de l'auteur -->
		<author-notes lang="fr">
		Attention ce module :
		- nécessite que le module_sso 2.16.3-3.0 soit déja installé pour fonctionner,
		- remplace le fichier d'origine d'Agora traduction/francais.php.
		Attention l'installation de Roundcube :
		- doit être situé dans un dossier à la racine d'agora,
		- doit posseder le plugin 'agora_login' (dans le dossier plugins),
		- doit être modifiée pour activer le plugin (fichier votreroundcube/config/main.inc.php),
		
		Pensez à faire une sauvegarde des fichiers (surtout cle.php) et de la base sql avant l'installation !
		
		------------------------------------------------------------------------------------
		Dans le cas d'une mise à jour SUPPRIMER le dossier token et EXECUTER install.php
		------------------------------------------------------------------------------------
		</author-notes>		

		<author-group>
			<author>
				<!-- Nom de l'auteur -->
				<realname>Y. VEILLET</realname>
				<!-- Pseudo de l'auteur sur Cyrakuse.fr -->
				<username phpbbcom="yes">Yov</username>
				<!-- Adresse du site internet de l'auteur -->
				<homepage>http://www.cyrakuse.fr</homepage>
				</author>
		</author-group>
		
		<!-- Version du module -->
		<mod-version>3.0</mod-version>

		<installation>
			<!-- Niveau de difficulté de l'installation (facile, moyen, difficile) -->
			<level>facile</level>
			<!-- Temps nécessaire pour installer le module (en secondes) -->
			<time>180</time>
			<!-- Version d'Agora nécessaire pour installer le module -->
			<target-version>2.16.3</target-version>
		</installation>

		<!-- Historique des versions -->
		<history>
			<entry>
				<!-- Date de l'hitorique -->
				<date>30/06/2013</date>
				<!-- Version du module -->
				<rev-version>2.16.3-3.0</rev-version>
				<changelog lang="fr">
					<!-- Description des modifications -->
						<change>Déplacement du fichier cle.php dans un dossier token. Définition de la variable $url en chemin relatif. Abandon de logout.php. Changement de méthode de connexion.</change>
			</changelog>
			</entry>
			<entry>
				<!-- Date de l'hitorique -->
				<date>26/01/2013</date>
				<!-- Version du module -->
				<rev-version>2.16.0-1.1</rev-version>
				<changelog lang="fr">
					<!-- Description des modifications -->
					<change>Adaptation du module pour la nouvelle version d'Agora.</change>
				</changelog>
			</entry>
		</history>

	</header>
<!-- A partir du moment où du code (sql ou php) est mis, il faut l'encadrer des balises <![CDATA[ et ]]> car sinon cela créer un bug d'affichage. 
	Cela permet à la page de ne pas isnterpréter ce code -->
	
	<action-group>
		
		<!-- Modification des fichiers -->
		<!-- Fichier à transférer -->
		<copy>
		<!-- Source -->
		<file from="dossier -> root/templates" to="dossier -> votreagora" />
		<file from="dossier -> root/traduction" to="dossier -> votreagora" />
		<file from="fichier -> votreagora/includes/global.inc.php" to="dossier -> root/global.inc.php" />
		<file from="fichier -> votreagora/votreroundcube/config/main.inc.php" to="dossier -> contrib" />
		</copy>
		
		<!-- Modification du fichier global.inc.php -->
		<open src="root/global.inc.php">	
			<edit>
				<!-- trouver le texte suivant -->
				<find><![CDATA[
				////	DECONNEXION DE L'AGORA  (détruit variables session & cookie connexion auto)
				////
				if(isset($_GET["deconnexion"]) || @$_GET["msg_alerte"]=="identification")
				{
				add_logs("deconnexion");
				$_SESSION = array();
				session_destroy();
				setcookie("AGORAP_LOG", "", time()-3600);
				setcookie("AGORAP_PASS", "", time()-3600);
				}]]></find>
				<!-- Action : ajouter après -->
				<action type="replace-with"><![CDATA[
				////	DECONNEXION DE L'AGORA  (détruit variables session & cookie connexion auto)
				if(isset($_GET["deconnexion"]) || @$_GET["msg_alerte"]=="identification")
				{
					setcookie("AGORAP_LOG", "", time()-3600);
					setcookie("AGORAP_PASS", "", time()-3600);
					
					//  DECONNEXION DES MODULES SSO
					$modules_sso = db_tableau("SELECT * FROM gt_module_sso");
					foreach ($modules_sso as $module_sso )
					{
						include "".$module_sso["module_dossier_fichier"]."/url.php";
						echo "<iframe src=\"".ROOT_PATH.$module_sso["module_dossier_fichier"]."/".$url."".$logout."\" style=\"height:0px;width:0px;border:0px;visibility:none;\"></iframe>";
						$url = "";
						$logout = "";
					}
					// FIN DECONNEXION
					
				add_logs("deconnexion");
				$_SESSION = array();
				session_destroy();
				}]]></action>
			</edit>
		</open>
		
		<!-- Modification du fichier url.php -->
		<open src="root/module_courriel/url.php">	
			<edit>
				<!-- trouver le texte suivant -->
				<find><![CDATA[
				$url = "../rouncube/";
				]]></find>
				<!-- Action : ajouter après -->
				<action type="replace-with"><![CDATA[
				$url = "../nom du dossier de roundcube";
				]]></action>
			</edit>
	
		</open>
		
		<!-- Modification du fichier url.php -->
		<open src="root/module_courriel/url.php">	
			<edit>
				<!-- trouver le texte suivant -->
				<find><![CDATA[
				$protocole = "http://";
				]]></find>
				<!-- Action : ajouter après -->
				<action type="replace-with"><![CDATA[
				Si la connexion est sécurisé
				$protocole = "https://";
				]]></action>
			</edit>
	
		</open>
	
		
		<!-- Modification du fichier main.inc.php -->
		<open src="contrib/main.inc.php">	
			<edit>
				<!-- trouver le texte suivant -->
				<find><![CDATA[
				// List of active plugins (in plugins/ directory)
				$rcmail_config['plugins'] = array();
				]]></find>
				<!-- Action : ajouter après -->
				<action type="after-add"><![CDATA[
				// AUTOLOGIN AGORA
				$rcmail_config['plugins'] = array('agora_login');
				]]></action>
			</edit>
	
		</open>
	
	
	<diy-instructions lang="fr">
	-> Pour une nouvelle installation :
	--------------------------------------------------------------------------------------------------------------
	Roundcube
	--------------------------------------------------------------------------------------------------------------
	- Installer et configurer roundcube dans un dossier (exemple : roundcube) à la racine d'agora,
	- Transfert FTP du fichier modifié -> contrib/main.inc.php sur le dossier -> votreagora/votreroundcube/config,
	- Transfert FTP du dossier -> contrib/plugins_roundcube/agora_login sur le dossier -> votreroundcube/plugins,
	
	--------------------------------------------------------------------------------------------------------------
	Agora
	--------------------------------------------------------------------------------------------------------------
	- Transfert FTP du fichier modifié -> root/global.inc.php (ou contrib/includes/global.inc.php) sur le dossier -> votreagora/includes,
	- Transfert FTP du dossier -> root/module_courriel sur le dossier -> votreagora,
	- Se connecter à votreagora en administrateur,
	- Executer le fichier -> votreagora/module_courriel/install.php,
	- Activer le module dans le paramétrage des espaces où le module doit être actif,
	- Générer une nouvelle clé pour le module cahier de texte grace au module sso,
	- Renommer ou supprimer le fichier -> votreagora/module_courriel/install.php.
	
	-> Pour une mise à jour :
	--------------------------------------------------------------------------------------------------------------
	Roundcube
	--------------------------------------------------------------------------------------------------------------
	- Déplacer roundcube dans un dossier (exemple : roundcube) à la racine d'agora,
	- Transfert FTP du fichier modifié -> contrib/main.inc.php sur le dossier -> votreagora/votreroundcube/config,
	- Transfert FTP du dossier -> contrib/plugins_roundcube/agora_login sur le dossier -> votreroundcube/plugins,
	--------------------------------------------------------------------------------------------------------------
	Agora
	--------------------------------------------------------------------------------------------------------------
	- Supprimer le dossier -> root/module_courriel/token
	- Transfert FTP du fichier modifié -> root/global.inc.php sur le dossier -> votreagora/includes,
	- Transfert FTP du fichier -> root/module_courriel/commun.inc.php sur le dossier -> votreagora/module_courriel/,
	- Transfert FTP du fichier -> root/module_courriel/form_courriel.php sur le dossier -> votreagora/module_courriel/,
	- Transfert FTP du fichier -> root/module_courriel/index.php sur le dossier -> votreagora/module_courriel/,
	- Transfert FTP du fichier -> root/module_courriel/install.php sur le dossier -> votreagora/module_courriel/,
	- Transfert FTP du fichier -> root/module_courriel/url.php sur le dossier -> votreagora/module_courriel/,
	- Se connecter à votreagora en administrateur,
	- Executer le fichier -> votreagora/module_courriel/install.php,
	- Renommer ou supprimer le fichier -> votreagora/module_courriel/install.php.
	</diy-instructions>	
			
	</action-group>
	
</mod>
