<?xml version="1.0" encoding="utf-8" standalone="yes" ?>
<?xml-stylesheet type="text/xsl" href="modx.format.xsl"?>

<mod xmlns:xsi="http://www.w3.org/2001/XMLSchema-instance" xmlns="modx-1.2.5.xsd">
	<header>
		<!-- Adresse où peut être consultée la licence sous laquelle le module est distribué -->
		<license>http://creativecommons.org/licenses/by-nc-sa/3.0/fr/</license>
		<!-- Nom du module -->
		<title lang="fr">FAQ</title>
		<!-- Description brève du module -->
		<description lang="fr">Ce module permet de gérer une foire aux questions.</description>

		

		<author-group>
			<author>
				<!-- Nom de l'auteur -->
				<realname>Cyrakuse</realname>
				<!-- Pseudo de l'auteur sur Cyrakuse.fr -->
				<username cyrakuse="yes">Cyrakuse</username>
				<!-- Adresse du site internet de l'auteur -->
				<homepage>http://www.cyrakuse.fr</homepage>
				<!-- Adresse mail de l'auteur -->
				<email>cyrakuse@free.fr</email>
				<!-- Description de la contribution -->
				<contributions-group>
					<contributions from='04/07/2011' status='current' position='Développeur'></contributions>
				</contributions-group>
			</author>
		</author-group>
		
		<!-- Version du module -->
		<mod-version>1.4</mod-version>

		<installation>
			<!-- Niveau de difficulté de l'installation (facile, moyen, difficile) -->
			<level>facile</level>
			<!-- Temps nécessaire pour installer le module (en secondes) -->
			<time>180</time>
			<!-- Version d'Agora nécessaire pour installer le module -->
			<target-version>2.17.0</target-version>
		</installation>

		<!-- Historique des versions -->
		<history>
			<entry>
				<date>12/09/2012</date>
				<rev-version>1.4</rev-version>
				<changelog lang="fr">
					<change>Corrige un bug entrainant des messages d'erreurs</change>
				</changelog>
			</entry>
			<entry>
				<date>04/07/2011</date>
				<rev-version>1.0</rev-version>
				<changelog lang="fr">
					<change>Version initiale du module</change>
				</changelog>
			</entry>
		</history>

	</header>
<!-- A partir du moment où du code (sql ou php) est mis, il faut l'encadrer des balises <![CDATA[ et ]]> car sinon cela créer un bug d'affichage. 
	Cela permet à la page de ne pas interpréter ce code -->
	
	<action-group>
		<!-- Requête SQL -->
		<sql dbms="mysql"><![CDATA[INSERT INTO gt_module (nom, module_path) VALUES ('faq', 'module_faq');


CREATE TABLE IF NOT EXISTS `gt_faq` (
  `id_faq` int(10) unsigned NOT NULL AUTO_INCREMENT,
  `id_dossier` int(10) unsigned DEFAULT NULL,
  `id_utilisateur` int(10) unsigned DEFAULT NULL,
  `invite` text,
  `question` text,
  `reponse` text,
  `date` datetime DEFAULT NULL,
  `raccourci` tinyint(4) DEFAULT NULL,
  PRIMARY KEY (`id_faq`)
) ENGINE=InnoDB  DEFAULT CHARSET=utf8 AUTO_INCREMENT=7 ;



CREATE TABLE IF NOT EXISTS `gt_faq_dossier` (
  `id_dossier` int(10) unsigned NOT NULL AUTO_INCREMENT,
  `id_dossier_parent` int(10) unsigned DEFAULT '0',
  `id_utilisateur` int(10) unsigned DEFAULT NULL,
  `invite` text,
  `nom` tinytext,
  `description` text,
  `date` datetime DEFAULT NULL,
  `raccourci` tinyint(4) DEFAULT NULL,
  PRIMARY KEY (`id_dossier`)
) ENGINE=InnoDB  DEFAULT CHARSET=utf8 AUTO_INCREMENT=5 ;

ALTER TABLE gt_faq_dossier CHANGE `invite` `invite` TINYTEXT DEFAULT NULL;

ALTER TABLE gt_faq CHANGE `invite` `invite` TINYTEXT DEFAULT NULL;

ALTER TABLE gt_faq DROP PRIMARY KEY, ADD PRIMARY KEY(`id_faq`,`id_dossier`);

UPDATE gt_faq_dossier SET id_dossier_parent='0' WHERE id_dossier='1';

ALTER TABLE gt_faq_dossier DROP PRIMARY KEY, ADD PRIMARY KEY(`id_dossier`,`id_dossier_parent`);

ALTER TABLE `gt_faq` CHANGE `reponse` `description` TEXT;

ALTER TABLE gt_faq CHANGE date date_crea DATETIME NULL DEFAULT NULL;

ALTER TABLE gt_faq_dossier CHANGE date date_crea DATETIME NULL DEFAULT NULL;

ALTER TABLE `gt_faq_dossier` ADD `icone` TEXT NULL;]]></sql>
		
		
		
		<!-- Fichier à copier -->
		<copy>
			<file from="root/module_faq/" to="/module_faq" />
			<file from="root/templates/module_faq/" to="/templates/module_faq/" />
			<file from="root/traduction/module_fr/module_faq.php" to="/traduction/module_fr/module_faq.php" />
		</copy>
		
		<!-- Modification des fichiers -->
		
		<open src="/traduction/francais.php">
			<edit>
				<!-- commentaire pour la modification (cette ligne est facultative -->
				<comment lang="fr">Cette modification est identique à plusieurs modules. Donc ne la faites pas si vous l'avez déjà faite pour un autre module.</comment>
				<!-- trouver le texte suivant -->
				<find><![CDATA[?>]]></find>
				<!-- Action : remplacer par -->
				<action type="before-add"><![CDATA[////	MODULES ADDITIONNELS
////
$liste_module	 = db_tableau("SELECT * FROM gt_module WHERE gt_module.nom not in ('tableau_bord','utilisateurs','agenda','fichier','forum','tache','lien','contact','mail','install')" );
foreach($liste_module as $module)
{
	include "modules_fr/".$module["module_dossier_fichier"].".php";
}]]></action>
			</edit>
		</open>
		
		<diy-instructions lang="fr">Activer le module dans le paramétrage des espaces où le module doit être actif.</diy-instructions>
	</action-group>
</mod>
