<?xml version="1.0" encoding="utf-8" standalone="yes" ?>
<?xml-stylesheet type="text/xsl" href="modx.format.xsl"?>

<mod xmlns:xsi="http://www.w3.org/2001/XMLSchema-instance" xmlns="modx-1.2.5.xsd">
	<header>
		<!-- Adresse où peut être consultée la licence sous laquelle le module est distribué -->
		<license>http://creativecommons.org/licenses/by-nc-sa/3.0/fr/</license>
		<!-- Nom du module -->
		<title lang="fr">Synchro</title>
		<!-- Description brève du module -->
		<description lang="fr">Ce module permet de synchroniser un agenda Agora avec un logiciel externe.</description>

		

		<author-group>
			<author>
				<!-- Nom de l'auteur -->
				<realname>Cyrakuse</realname>
				<!-- Pseudo de l'auteur sur Cyrakuse.fr -->
				<username cyrakuse="yes">Cyrakuse</username>
				<!-- Adresse du site internet de l'auteur -->
				<homepage>http://www.cyrakuse.fr</homepage>
				<!-- Adresse mail de l'auteur -->
				<email>cyrakuse@free.fr</email>
				<!-- Description de la contribution -->
				<contributions-group>
					<contributions from='21/02/2012' status='current' position='Développeur'></contributions>
				</contributions-group>
			</author>
		</author-group>
		
		<!-- Version du module -->
		<mod-version>1.0</mod-version>

		<installation>
			<!-- Niveau de difficulté de l'installation (facile, moyen, difficile) -->
			<level>facile</level>
			<!-- Temps nécessaire pour installer le module (en secondes) -->
			<time>180</time>
			<!-- Version d'Agora nécessaire pour installer le module -->
			<target-version>2.16.0</target-version>
		</installation>

		<!-- Historique des versions -->
		<history>
			<entry>
				<date>21/02/2012</date>
				<rev-version>1.0</rev-version>
				<changelog lang="fr">
					<change>Version initiale du module</change>
				</changelog>
			</entry>
		</history>

	</header>
<!-- A partir du moment où du code (sql ou php) est mis, il faut l'encadrer des balises <![CDATA[ et ]]> car sinon cela créer un bug d'affichage. 
	Cela permet à la page de ne pas interpréter ce code -->
	
	<action-group>
		<!-- Fichier à copier -->
		<copy>
			<file from="root/module_agenda/agenda_sync.php" to="/module_agenda/agenda_sync.php" />
			<file from="root/webcal/" to="/webcal/" />
		</copy>
		
		<!-- Modification des fichiers -->
		
		<open src="/module_agenda/index.php">
			<edit>
				<!-- trouver le texte suivant -->
				<find><![CDATA[if(preg_match("/jour|semaine/i",$_SESSION["cfg"]["espace"]["agenda_affichage"]))	require "agenda_semaine.inc.php";
					else																				require "agenda_mois.inc.php";
				echo "</div>";]]></find>
				<!-- Action : remplacer par -->
				<action type="after-add"><![CDATA[//synchro du fichier ics 
			include "agenda_sync.php";
			//]]></action>
			</edit>
		</open>
		
		<diy-instructions lang="fr">Il ne vous reste plus qu'à paramétrer votre logiciel externe pour se connecter à un calendrier internet dont l'adresse est : http://mon-calendrier.com/webcal/prénom_nom.ics</diy-instructions>
	</action-group>
</mod>
