<?xml version="1.0" encoding="utf-8" standalone="yes" ?>
<?xml-stylesheet type="text/xsl" href="modx.format.xsl"?>

<mod xmlns:xsi="http://www.w3.org/2001/XMLSchema-instance" xmlns="modx-1.2.5.xsd">
	<header>
		<!-- Adresse où peut être consultée la licence sous laquelle le module est distribué -->
		<license>http://creativecommons.org/licenses/by-nc-sa/3.0/fr/</license>
		<!-- Nom du module -->
		<title lang="fr">module RSS</title>
		<!-- Description brève du module -->
		<description lang="fr">Ce module permet de lire ou de partager des flux ATOM et RSS depuis Agora.</description>
		<!-- Notes additionnelles de l'auteur -->
		<author-notes lang="fr">
		Attention, ce module nécessite le langage php5 et allow_url_fopen = On (voir php.ini).
		Attention, ce module remplace les fichiers d'origines d'Agora traduction/francais.php.
		Pensez à faire une sauvegarde avant l'installation !
		</author-notes>		

		<author-group>
			<author>
				<!-- Nom de l'auteur -->
				<realname>Cyrakuse, Aigle, Y. VEILLET</realname>
				<!-- Pseudo de l'auteur sur Cyrakuse.fr -->
				<username phpbbcom="yes">VEILLET</username>
				<!-- Adresse du site internet de l'auteur -->
				<homepage>http://www.cyrakuse.fr</homepage>
				</author>
		</author-group>
		
		<!-- Version du module -->
		<mod-version>1.2</mod-version>

		<installation>
			<!-- Niveau de difficulté de l'installation (facile, moyen, difficile) -->
			<level>facile</level>
			<!-- Temps nécessaire pour installer le module (en secondes) -->
			<time>180</time>
			<!-- Version d'Agora nécessaire pour installer le module -->
			<target-version>2.17.1</target-version>
		</installation>

		<!-- Historique des versions -->
		<history>
			<entry>
				<!-- Date de l'historique -->
				<date>14/03/2014</date>
				<rev-version>2.17.1-1.2</rev-version>
				<changelog lang="fr">
				<change>
				Adaptation à la nouvelle version d'agora.
				</change>
				</changelog>
			</entry>
			<entry>
				<!-- Date de l'historique -->
				<date>28/02/2014</date>
				<rev-version>2.17.0-1.2</rev-version>
				<changelog lang="fr">
				<change>
				Adaptation à la nouvelle version d'agora.
				</change>
				</changelog>
			</entry>
			<entry>
				<!-- Date de l'historique -->
				<date>03/07/2013</date>
				<rev-version>2.16.3-1.2</rev-version>
				<changelog lang="fr">
				<change>
				Adaptation à la nouvelle version d'agora.
				</change>
				</changelog>
			</entry>
			<entry>
				<!-- Date de l'historique -->
				<date>12/11/2012</date>
				<rev-version>2.16.0-1.2</rev-version>
				<changelog lang="fr">
					<change>
					Stockage des flux pour accelérer la lecture. Lecture des flux ATOM. Adapatation à la nouvelle version d'agora.
					</change>
				</changelog>
				</entry>
			<entry>
				<!-- Date de l'historique -->
				<date>12/11/2012</date>
				<rev-version>2.15.2-1.1</rev-version>
				<changelog lang="fr">
					<change>
					Version stable du module.
					</change>
				</changelog>
				</entry>
		</history>

	</header>
<!-- A partir du moment où du code (sql ou php) est mis, il faut l'encadrer des balises <![CDATA[ et ]]> car sinon cela créer un bug d'affichage. 
	Cela permet à la page de ne pas interpréter ce code -->
	
	<action-group>
		
		<!-- Modification des fichiers -->
		<!-- Fichier à transférer -->
		<copy>
		<!-- Source -->
		<file from="dossier -> root/module_rss" to="dossier -> votreagora" />
		<file from="dossier -> root/templates" to="dossier -> votreagora" />
		<file from="dossier -> root/traduction" to="dossier -> votreagora" />
		</copy>
		
	<diy-instructions lang="fr">
	- Se connecter à votreagora en administrateur,
	- Exécuter le fichier -> votreagora/module_rss/install.php,
	- Activer le module dans le paramétrage des espaces,
	- Renommer ou supprimer le fichier -> votreagora/module_rss/install.php.
	</diy-instructions>
		
	</action-group>
	
</mod>
