<?xml version="1.0" encoding="utf-8" standalone="yes" ?>
<?xml-stylesheet type="text/xsl" href="modx.format.xsl"?>

<mod xmlns:xsi="http://www.w3.org/2001/XMLSchema-instance" xmlns="modx-1.2.5.xsd">
	<header>
		<!-- Adresse où peut être consultée la licence sous laquelle le module est distribué -->
		<license>http://creativecommons.org/licenses/by-nc-sa/3.0/fr/</license>
		<!-- Nom du module -->
		<title lang="fr">Module Gestion de ressources (GRR)</title>
		<!-- Description brève du module -->
		<description lang="fr">Ce module permet l'intégration de GRR.</description>
		<!-- Notes additionnelles de l'auteur -->
		<author-notes lang="fr">
			Attention ce module :
		- nécessite que le module_sso 2.16.3-3.0 soit déja installé pour fonctionner.
		- remplace le fichier d'origine d'Agora traduction/francais.php.
		------------------------------------------------------------------------------------
		Dans le cas d'une mise à jour SUPPRIMER le dossier token et EXECUTER install.php
		------------------------------------------------------------------------------------
		Pensez à faire une sauvegarde avant l'installation !
		</author-notes>		

		<author-group>
			<author>
				<!-- Nom de l'auteur -->
				<realname>Y. VEILLET</realname>
				<!-- Pseudo de l'auteur sur Cyrakuse.fr -->
				<username phpbbcom="yes">Yov</username>
				<!-- Adresse du site internet de l'auteur -->
				<homepage>http://www.cyrakuse.fr</homepage>
				</author>
		</author-group>
		
		<!-- Version du module -->
		<mod-version>3.0</mod-version>

		<installation>
			<!-- Niveau de difficulté de l'installation (facile, moyen, difficile) -->
			<level>facile</level>
			<!-- Temps nécessaire pour installer le module (en secondes) -->
			<time>180</time>
			<!-- Version d'Agora nécessaire pour installer le module -->
			<target-version>2.16.3</target-version>
		</installation>

		<!-- Historique des versions -->
		<history>
			<entry>
				<!-- Date de l'hitorique -->
				<date>30/06/2013</date>
				<!-- Version du module -->
				<rev-version>2.16.3-3.0</rev-version>
				<changelog lang="fr">
					<!-- Description des modifications -->
					<change>Déplacement du fichier cle.php dans un dossier token. Définition de la variable $url en chemin relatif. Abandon de logout.php</change>
				</changelog>
			</entry>
			<entry>
				<!-- Date de l'hitorique -->
				<date>26/01/2013</date>
				<!-- Version du module -->
				<rev-version>2.16.0-1.1</rev-version>
				<changelog lang="fr">
					<!-- Description des modifications -->
					<change>Adaptation du module pour la nouvelle version d'Agora.</change>
				</changelog>
			</entry>
		</history>

	</header>
<!-- A partir du moment où du code (sql ou php) est mis, il faut l'encadrer des balises <![CDATA[ et ]]> car sinon cela créer un bug d'affichage. 
	Cela permet à la page de ne pas isnterpréter ce code -->
	
	<action-group>
		
		<!-- Modification des fichiers -->
		<!-- Fichier à transférer -->
		<copy>
		<!-- Source -->
		<file from="dossier -> root/templates" to="dossier -> votreagora" />
		<file from="dossier -> root/traduction" to="dossier -> votreagora" />
		<file from="fichier -> votreagora/includes/global.inc.php" to="dossier -> root/global.inc.php" />
		</copy>
		
		<!-- Modification du fichier global.inc.php -->
		<open src="root/global.inc.php">	
			<edit>
				<!-- trouver le texte suivant -->
				<find><![CDATA[
				////	DECONNEXION DE L'AGORA  (détruit variables session & cookie connexion auto & redirige en page d'accueil si besoin. Toujours avant les redir()!)
				////
				if(!empty($_GET["deconnexion"]))
				{
				add_logs("deconnexion");
				$_SESSION = array();
				session_destroy();
				setcookie("AGORAP_LOG", "", time()-3600);
				setcookie("AGORAP_PASS", "", time()-3600);
				}
				]]></find>
				<!-- Action : ajouter après -->
				<action type="replace-with"><![CDATA[
				////	DECONNEXION DE L'AGORA  (détruit variables session & cookie connexion auto & redirige en page d'accueil si besoin. Toujours avant les redir()!)
				////
				if(!empty($_GET["deconnexion"]))
				{
				    setcookie("AGORAP_LOG", "", time()-3600);
				    setcookie("AGORAP_PASS", "", time()-3600);
		
				    ////  DECONNEXION DES MODULES SSO
				    $modules_sso = db_tableau("SELECT * FROM gt_module_sso");
				    foreach ($modules_sso as $module_sso)
				    {
					    include "".$module_sso["module_dossier_fichier"]."/url.php";
					    echo "<iframe src=\"".ROOT_PATH.$module_sso["module_dossier_fichier"]."/".$url."".$logout."\" style=\"height:0px;width:0px;border:0px;visibility:none;\"></iframe>";
					    $url = "";
					    $logout = "";
				    }
				
				    add_logs("deconnexion");
				    $_SESSION = array();
				    session_destroy();
				}
				]]></action>
			</edit>
		</open>
		
		<!-- Modification du fichier url.php -->
		<open src="root/module_grr/url.php">	
			<edit>
				<!-- trouver le texte suivant -->
				<find><![CDATA[
				$url = "../grr/";
				]]></find>
				<!-- Action : ajouter après -->
				<action type="replace-with"><![CDATA[
				$url = "chemin relatif de votre grr";
				]]></action>
			</edit>
	
		</open>
	
	<diy-instructions lang="fr">
	Pour une nouvelle installation :
	- Transfert FTP du fichier modifié -> root/global.inc.php (ou contrib/includes/global.inc.php) sur le dossier -> votreagora/includes,
	- Transfert FTP du dossier -> root/module_grr sur le dossier -> votreagora,
	- Se connecter à votreagora en administrateur,
	- Executer le fichier -> votreagora/module_grr/install.php,
	- Activer le module dans le paramétrage des espaces où le module doit être actif,
	- Générer une nouvelle clé pour le module cahier de texte grace au module sso,
	- Renommer ou supprimer le fichier -> votreagora/module_grr/install.php.
	
	Pour une mise à jour :
	- Transfert FTP du fichier modifié -> root/global.inc.php (ou contrib/includes/global.inc.php) sur le dossier -> votreagora/includes,
	- Transfert FTP du fichier -> root/module_grr/commun.inc.php sur le dossier -> votreagora/module_grr/,
	- Transfert FTP du fichier -> root/module_grr/form_grr.php sur le dossier -> votreagora/module_grr/,
	- Transfert FTP du fichier -> root/module_grr/index.php sur le dossier -> votreagora/module_grr/,
	- Transfert FTP du fichier -> root/module_grr/install.php sur le dossier -> votreagora/module_grr/,
	- Transfert FTP du fichier -> root/module_grr/url.php sur le dossier -> votreagora/module_grr/,
	- Se connecter à votreagora en administrateur,
	- Executer le fichier -> votreagora/module_grr/install.php,
	- Renommer ou supprimer le fichier -> votreagora/module_grr/install.php.
	</diy-instructions>	
			
	</action-group>
	
</mod>
