<?xml version="1.0" encoding="utf-8" standalone="yes" ?>
<?xml-stylesheet type="text/xsl" href="modx.format.xsl"?>

<mod xmlns:xsi="http://www.w3.org/2001/XMLSchema-instance" xmlns="modx-1.2.5.xsd">
	<header>
		<!-- Adresse où peut être consultée la licence sous laquelle le module est distribué -->
		<license>http://creativecommons.org/licenses/by-nc-sa/3.0/fr/</license>
		<!-- Nom du module -->
		<title lang="fr">Recherche Asso</title>
		<!-- Description brève du module -->
		<description lang="fr">Ce module permet de rechercher une association à partir d'une commune. Cela est utile lorsque les associations interviennent sur des secteurs géographiques spécifiques.</description>
		<!-- Notes additionnelles de l'auteur -->
		<author-notes lang="fr">Attention : ce module nécessite l'installation du module "Annu Asso".</author-notes>
		

		<author-group>
			<author>
				<!-- Nom de l'auteur -->
				<realname>Cyrakuse</realname>
				<!-- Pseudo de l'auteur sur Cyrakuse.fr -->
				<username cyrakuse="yes">Cyrakuse</username>
				<!-- Adresse du site internet de l'auteur -->
				<homepage>http://www.cyrakuse.fr</homepage>
				<!-- Adresse mail de l'auteur -->
				<email>cyrakuse@free.fr</email>
				<!-- Description de la contribution -->
				<contributions-group>
					<contributions from='04/07/2011' status='current' position='Développeur'></contributions>
				</contributions-group>
			</author>
		</author-group>
		
		<!-- Version du module -->
		<mod-version>1.2</mod-version>

		<installation>
			<!-- Niveau de difficulté de l'installation (facile, moyen, difficile) -->
			<level>facile</level>
			<!-- Temps nécessaire pour installer le module (en secondes) -->
			<time>180</time>
			<!-- Version d'Agora nécessaire pour installer le module -->
			<target-version>2.17.0</target-version>
		</installation>

		<!-- Historique des versions -->
		<history>
			<entry>
				<date>04/07/2011</date>
				<rev-version>1.2</rev-version>
				<changelog lang="fr">
					<change>Modifications pour prendre en compte les modification de la version 1.8 du module Annu_asso.</change>
				</changelog>
			</entry>
            <entry>
				<date>04/07/2011</date>
				<rev-version>1.0</rev-version>
				<changelog lang="fr">
					<change>Version initiale du module</change>
				</changelog>
			</entry>
		</history>

	</header>
<!-- A partir du moment où du code (sql ou php) est mis, il faut l'encadrer des balises <![CDATA[ et ]]> car sinon cela créer un bug d'affichage. 
	Cela permet à la page de ne pas interpréter ce code -->
	
	<action-group>
		<!-- Requête SQL -->
		<sql dbms="mysql"><![CDATA[INSERT INTO gt_module (nom, module_path) VALUES ('recherche_asso', 'module_recherche_asso');

CREATE TABLE IF NOT EXISTS `gt_recherche_asso` (
  `id_recherche_asso` int(10) unsigned NOT NULL AUTO_INCREMENT,
  `id_dossier` int(11) DEFAULT NULL,
  `id_utilisateur` int(11) NOT NULL,
  `invite` int(11) DEFAULT NULL,
  `ville` varchar(100) NOT NULL,
  `code_postal` varchar(5) NOT NULL,
  `code_asso` varchar(11) NOT NULL,
  `portage_repas` varchar(11) NOT NULL,
  `siad` varchar(11) NOT NULL,
  `date` datetime DEFAULT NULL,
  PRIMARY KEY (`id_recherche_asso`)
) ENGINE=InnoDB  DEFAULT CHARSET=utf8 AUTO_INCREMENT=14 ;

ALTER TABLE gt_recherche_asso CHANGE `invite` `invite` TINYTEXT DEFAULT NULL;

ALTER TABLE gt_recherche_asso DROP PRIMARY KEY, ADD PRIMARY KEY(`id_recherche_asso`,`id_dossier`);

ALTER TABLE gt_annu_asso ADD `siad` varchar(11) DEFAULT NULL;

ALTER TABLE gt_annu_asso ADD `portage_repas` varchar(11) DEFAULT NULL;

CREATE TABLE IF NOT EXISTS `gt_recherche_asso_dossier` (
  `id_dossier` int(10) unsigned NOT NULL AUTO_INCREMENT,
  `id_dossier_parent` int(10) unsigned NOT NULL DEFAULT '0',
  `id_utilisateur` int(10) unsigned DEFAULT NULL,
  `invite` tinytext,
  `nom` tinytext,
  `description` text,
  `date_crea` datetime DEFAULT NULL,
  `raccourci` tinyint(4) DEFAULT NULL,
  PRIMARY KEY (`id_dossier`,`id_dossier_parent`)
) ENGINE=InnoDB  DEFAULT CHARSET=utf8 AUTO_INCREMENT=3 ;

ALTER TABLE gt_recherche_asso ADD `raccourci` tinyint(4) DEFAULT NULL;

ALTER TABLE gt_recherche_asso CHANGE date date_crea DATETIME NULL DEFAULT NULL;]]></sql>
		
		
		
		<!-- Fichier à copier -->
		<copy>
			<file from="root/module_recherche_asso/" to="/module_recherche_asso" />
			<file from="root/templates/module_recherche_asso/" to="/templates/module_recherche_asso/" />
			<file from="root/traduction/module_fr/module_recherche_asso.php" to="/traduction/module_fr/module_recherche_asso.php" />
		</copy>
		
		<!-- Modification des fichiers -->
		
		<open src="/traduction/francais.php">
			<edit>
				<!-- commentaire pour la modification (cette ligne est facultative -->
				<comment lang="fr">Cette modification est identique à plusieurs modules. Donc ne la faites pas si vous l'avez déjà faite pour un autre module.</comment>
				<!-- trouver le texte suivant -->
				<find><![CDATA[?>]]></find>
				<!-- Action : remplacer par -->
				<action type="before-add"><![CDATA[////	MODULES ADDITIONNELS
////
$liste_module	 = db_tableau("SELECT * FROM gt_module WHERE gt_module.nom not in ('tableau_bord','utilisateurs','agenda','fichier','forum','tache','lien','contact','mail','install')" );
foreach($liste_module as $module)
{
	include "modules_fr/".$module["module_dossier_fichier"].".php";
}]]></action>
			</edit>
		</open>
		
		<diy-instructions lang="fr">Activer le module dans le paramétrage des espaces où le module doit être actif.</diy-instructions>
	</action-group>
</mod>
