<?xml version="1.0" encoding="utf-8" standalone="yes" ?>
<?xml-stylesheet type="text/xsl" href="modx.format.xsl"?>

<mod xmlns:xsi="http://www.w3.org/2001/XMLSchema-instance" xmlns="modx-1.2.5.xsd">
	<header>
		<!-- Adresse où peut être consultée la licence sous laquelle le module est distribué -->
		<license>http://creativecommons.org/licenses/by-nc-sa/3.0/fr/</license>
		<!-- Nom du module -->
		<title lang="fr">module SSO</title>
		<!-- Description brève du module -->
		<description lang="fr">Ce module permet la connexion automatique au module cahier de texte, Gestion de ressources et courriel.</description>
		<!-- Notes additionnelles de l'auteur -->
		<author-notes lang="fr">
		Attention, ce module remplace le fichier d'origine d'Agora traduction/francais.php.
		Pensez à faire une sauvegarde avant l'installation !
		</author-notes>		

		<author-group>
			<author>
				<!-- Nom de l'auteur -->
				<realname>Y. VEILLET</realname>
				<!-- Pseudo de l'auteur sur Cyrakuse.fr -->
				<username phpbbcom="yes">Yov</username>
				<!-- Adresse du site internet de l'auteur -->
				<homepage>http://www.cyrakuse.fr</homepage>
				</author>
		</author-group>
		
		<!-- Version du module -->
		<mod-version>3.0</mod-version>

		<installation>
			<!-- Niveau de difficulté de l'installation (facile, moyen, difficile) -->
			<level>facile</level>
			<!-- Temps nécessaire pour installer le module (en secondes) -->
			<time>180</time>
			<!-- Version d'Agora nécessaire pour installer le module -->
			<target-version>2.16.3</target-version>
		</installation>

		<!-- Historique des versions -->
		<history>
			<entry>
				<!-- Date de l'hitorique -->
				<date>30/06/2013</date>
				<!-- Version du module -->
				<rev-version>2.16.3-3.0</rev-version>
				<changelog lang="fr">
					<!-- Description des modifications -->
					<change>
					Modification du module pour générer la clé dans module_nom/token/cle.php. Déplacement de crypt_dcrypt.php dans le dossier commun/sso.
					</change>
				</changelog>
			</entry>
			<entry>
				<!-- Date de l'hitorique -->
				<date>26/01/2013</date>
				<!-- Version du module -->
				<rev-version>2.16.0-2.1</rev-version>
				<changelog lang="fr">
					<!-- Description des modifications -->
					<change>
					Adaptation à la nouvelle version d'agora.
					</change>
				</changelog>
			</entry>
		</history>

	</header>
<!-- A partir du moment où du code (sql ou php) est mis, il faut l'encadrer des balises <![CDATA[ et ]]> car sinon cela créer un bug d'affichage. 
	Cela permet à la page de ne pas interpréter ce code -->
	
	<action-group>
		
		<!-- Modification des fichiers -->
		<!-- Fichier à transférer -->
		<copy>
		<!-- Source -->
		<file from="dossier -> root/commun" to="dossier -> votreagora" />
		<file from="dossier -> root/module_sso" to="dossier -> votreagora" />
		<file from="dossier -> root/templates" to="dossier -> votreagora" />
		<file from="dossier -> root/traduction" to="dossier -> votreagora" />
		</copy>
		
	<diy-instructions lang="fr">
	Pour une mise à jour ou une nouvelle installation :
	- Se connecter à votreagora en administrateur,
	- Exécuter le fichier -> votreagora/module_sso/install.php,
	- Activer le module dans le paramétrage des espaces où le module doit être actif,
	- Renommer ou supprimer le fichier -> votreagora/module_cdt/install.php.
	- Configurer les identifiants SSO en administrateur (import) ou en utilisateur.
	</diy-instructions>	
			
	</action-group>
	
</mod>
