<?xml version="1.0" encoding="utf-8" standalone="yes" ?>
<?xml-stylesheet type="text/xsl" href="modx.format.xsl"?>

<mod xmlns:xsi="http://www.w3.org/2001/XMLSchema-instance" xmlns="modx-1.2.5.xsd">
	<header>
		<!-- Adresse où peut être consultée la licence sous laquelle le module est distribué -->
		<license>http://creativecommons.org/licenses/by-nc-sa/3.0/fr/</license>
		<!-- Nom du module -->
		<title lang="fr">module_messagerie</title>
		<!-- Description brève du module -->
		<description lang="fr">Ce module permet de s'échanger des messages internes sans passer par une boîte mail.</description>
		<!-- Notes additionnelles de l'auteur -->
		<author-notes lang="fr">
		Attention, ce module remplace les fichiers d'origines d'Agora traduction/francais.php et includes/header_menu.inc.php
		Pensez à faire une sauvegarde avant l'installation !
		</author-notes>		

		<author-group>
			<author>
				<!-- Nom de l'auteur -->
				<realname>Cyrakuse, Aigle, Y. VEILLET</realname>
				<!-- Pseudo de l'auteur sur Cyrakuse.fr -->
				<username phpbbcom="yes">VEILLET</username>
				<!-- Adresse du site internet de l'auteur -->
				<homepage>http://www.cyrakuse.fr</homepage>
				</author>
		</author-group>
		
		<!-- Version du module -->
		<mod-version>2.3</mod-version>

		<installation>
			<!-- Niveau de difficulté de l'installation (facile, moyen, difficile) -->
			<level>facile</level>
			<!-- Temps nécessaire pour installer le module (en secondes) -->
			<time>180</time>
			<!-- Version d'Agora nécessaire pour installer le module -->
			<target-version>2.17.0</target-version>
		</installation>

		<!-- Historique des versions -->
		<history>
			<entry>
				<!-- Date de l'historique -->
				<date>22/02/2014</date>
				<rev-version>2.16.3-2.3</rev-version>
				<changelog lang="fr">
					<change>
					Adaptation à la dernière version d'agora. Edition des messages dans fenêtres type lightbox. Amélioration du tri. Suppression du range jquery pour ie et firefox.
					</change>
				</changelog>
			</entry>
			<entry>
				<!-- Date de l'historique -->
				<date>03/07/2013</date>
				<rev-version>2.16.3-2.2</rev-version>
				<changelog lang="fr">
					<change>
					Adapatation à la dernière version d'agora. Corrections de bugs (dossier d'archives non visibles sur tous les espaces, transfert de message avec plus d'un fichiers joints...)
					</change>
				</changelog>
			</entry>
			<entry>
				<!-- Date de l'historique -->
				<date>19/02/2013</date>
				<rev-version>2.16.1-2.1</rev-version>
				<changelog lang="fr">
					<change>
					Modification de l'affichage groupes/utilisateurs sur les fichiers message_edit.php, brouillon_edit.php et transfert_edit.php</change>
				</changelog>
			</entry>
			<entry>
				<!-- Date de l'historique -->
				<date>26/01/2013</date>
				<rev-version>2.16.0-2.1</rev-version>
				<changelog lang="fr">
					<change>
					Quelques optimisations ou corrections. Adaptation à la nouvelle version d'agora.</change>
				</changelog>
			</entry>
			<entry>
				<!-- Date de l'historique -->
				<date>15/01/2013</date>
				<rev-version>2.15.2-2.1</rev-version>
				<changelog lang="fr">
					<change>
					Correction d'une erreur d'affichage au chargement de index_ajax.php. Copie du texte du message d'origine lors de la réponse à un message. Possibilité d'envoyer un message archivé.</change>
				</changelog>
			</entry>
		</history>

	</header>
<!-- A partir du moment où du code (sql ou php) est mis, il faut l'encadrer des balises <![CDATA[ et ]]> car sinon cela créer un bug d'affichage. 
	Cela permet à la page de ne pas interpréter ce code -->
	
	<action-group>
		
		<!-- Modification des fichiers -->
		<!-- Fichier à transférer -->
		<copy>
		<!-- Source -->
		<file from="dossier -> root/module_messagerie" to="dossier -> votreagora" />
		<file from="dossier -> root/templates" to="dossier -> votreagora" />
		<file from="dossier -> root/traduction" to="dossier -> votreagora" />
		<file from="fichier -> votreagora/module_tableau_bord/index.php" to="dossier -> root/module_tableau_bord" />
		</copy>
		
		<!-- Modification du fichier index.php -->
		<open src="root/module_tableau_bord/index.php ">	
			<edit>
				<!-- trouver le texte suivant -->
				<find><![CDATA[
				////	MENU DE GAUCHE
				////
				echo "<td id='menu_gauche_block_td'>";
				echo "<div id='menu_gauche_block_flottant'>";]]>
				</find>
				<!-- Action : ajouter après -->
				<action type="after-add"><![CDATA[
				////  MESSAGES ET RAPPEL (MODULE_MESSAGERIE)
				////
				require "../module_messagerie/lu_rappel.php";]]>
				</action>
			</edit>
		</open>
		
	<diy-instructions lang="fr">
	- Transfert FTP du fichier modifié -> root/module_tableau_bord/index.php dans le dossier -> votreagora/module_tableau_bord,
	- Se connecter à votreagora en administrateur,
	- Pour une installation ou mise à jour exécuter le fichier -> votreagora/module_messagerie/install.php,
	- Activer le module dans le paramétrage des espaces,
	- Renommer ou supprimer le fichier -> votreagora/module_messagerie/install.php.
	</diy-instructions>
	
	
	
			
	</action-group>
	
</mod>
