<?xml version="1.0" encoding="utf-8" standalone="yes" ?>
<?xml-stylesheet type="text/xsl" href="modx.format.xsl"?>

<mod xmlns:xsi="http://www.w3.org/2001/XMLSchema-instance" xmlns="modx-1.2.5.xsd">
	<header>
		<!-- Adresse où peut être consultée la licence sous laquelle le module est distribué -->
		<license>http://creativecommons.org/licenses/by-nc-sa/3.0/fr/</license>
		<!-- Nom du module -->
		<title lang="fr">Hesk</title>
		<!-- Description brève du module -->
		<description lang="fr">Ce module permet d'intégrer la solution Hesk dans Agora.</description>
		<!-- Notes additionnelles de l'auteur -->
		<author-notes lang="fr">Attention : ce module nécessite l'installation préalable du module SSO !</author-notes>
		

		<author-group>
			<author>
				<!-- Nom de l'auteur -->
				<realname>Cyrakuse</realname>
				<!-- Pseudo de l'auteur sur Cyrakuse.fr -->
				<username cyrakuse="yes">Cyrakuse</username>
				<!-- Adresse du site internet de l'auteur -->
				<homepage>http://www.cyrakuse.fr</homepage>
				<!-- Adresse mail de l'auteur -->
				<email>cyrakuse@free.fr</email>
				<!-- Description de la contribution -->
				<contributions-group>
					<contributions from='04/07/2011' status='current' position='Développeur'></contributions>
				</contributions-group>
			</author>
		</author-group>
		
		<!-- Version du module -->
		<mod-version>2.1</mod-version>

		<installation>
			<!-- Niveau de difficulté de l'installation (facile, moyen, difficile) -->
			<level>difficile</level>
			<!-- Temps nécessaire pour installer le module (en secondes) -->
			<time>600</time>
			<!-- Version d'Agora nécessaire pour installer le module -->
			<target-version>2.16.0</target-version>
		</installation>

		<!-- Historique des versions -->
		<history>
			<entry>
				<date>28/05/2013</date>
				<rev-version>2.1</rev-version>
				<changelog lang="fr">
					<change>Utilisation de Hesk version 2.4.2</change>
				</changelog>
			</entry>
		</history>

	</header>
<!-- A partir du moment où du code (sql ou php) est mis, il faut l'encadrer des balises <![CDATA[ et ]]> car sinon cela créer un bug d'affichage. 
	Cela permet à la page de ne pas interpréter ce code -->
	
	<action-group>
		<!-- Requête SQL -->
		<sql dbms="mysql"><![CDATA[INSERT INTO gt_module (nom, module_dossier_fichier) VALUES ('hesk', 'module_hesk');
INSERT INTO gt_module_sso (nom, module_dossier_fichier) VALUES ('hesk', 'module_hesk');

ALTER TABLE `gt_sso` ADD `user_hesk` VARCHAR( 255 ) NULL ,
ADD `pass_hesk` VARCHAR( 255 ) NULL ;]]></sql>
		
		
		
		<!-- Fichier à copier -->
		<copy>
			<file from="root/module_hesk/" to="/module_hesk" />
			<file from="root/templates/module_hesk/" to="/templates/module_hesk/" />
			<file from="root/traduction/module_fr/module_hesk.php" to="/traduction/module_fr/module_hesk.php" />
		</copy>
		
		<!-- Modification des fichiers -->
		
		<open src="/traduction/francais.php">
			<edit>
				<!-- commentaire pour la modification (cette ligne est facultative -->
				<comment lang="fr">Cette modification est identique à plusieurs modules. Donc ne la faites pas si vous l'avez déjà faite pour un autre module.</comment>
				<!-- trouver le texte suivant -->
				<find><![CDATA[?>]]></find>
				<!-- Action : remplacer par -->
				<action type="before-add"><![CDATA[////	MODULES ADDITIONNELS
////
$liste_module	 = db_tableau("SELECT * FROM gt_module WHERE gt_module.nom not in ('tableau_bord','utilisateurs','agenda','fichier','forum','tache','lien','contact','mail','install')" );
foreach($liste_module as $module)
{
	include "modules_fr/".$module["module_dossier_fichier"].".php";
}]]></action>
			</edit>
		</open>
		
		<diy-instructions lang="fr">Ensuite, lancez http://mon_agora/module_hesk/hesk/install/
			 Et enfin, activez le module dans le paramétrage des espaces où le module doit être actif.</diy-instructions>
	</action-group>
</mod>
