<?xml version="1.0" encoding="utf-8" standalone="yes" ?>
<?xml-stylesheet type="text/xsl" href="modx.format.xsl"?>

<mod xmlns:xsi="http://www.w3.org/2001/XMLSchema-instance" xmlns="modx-1.2.5.xsd">
	<header>
		<!-- Adresse où peut être consultée la licence sous laquelle le module est distribué -->
		<license>http://creativecommons.org/licenses/by-nc-sa/3.0/fr/</license>
		<!-- Nom du module -->
		<title lang="fr">Liste Espaces</title>
		<!-- Description brève du module -->
		<description lang="fr">Afin de simplifier la navigation, ce module ajoute la liste des espaces sur le menu latéral de la page Actualités.</description>
		<!-- Notes additionnelles de l'auteur -->
		<!--<author-notes lang="fr">Notes additionnelles de l'auteur</author-notes>-->
		

		<author-group>
			<author>
				<!-- Nom de l'auteur -->
				<realname>Cyrakuse</realname>
				<!-- Pseudo de l'auteur sur Cyrakuse.fr -->
				<username cyrakuse="yes">Cyrakuse</username>
				<!-- Adresse du site internet de l'auteur -->
				<homepage>http://www.cyrakuse.fr</homepage>
			</author>
		</author-group>
		
		<!-- Version du module -->
		<mod-version>1.6</mod-version>

		<installation>
			<!-- Niveau de difficulté de l'installation (facile, moyen, difficile) -->
			<level>moyen</level>
			<!-- Temps nécessaire pour installer le module (en secondes) -->
			<time>300</time>
			<!-- Version d'Agora nécessaire pour installer le module -->
			<target-version>2.17.0</target-version>
		</installation>

		<!-- Historique des versions -->
		<history>
			<entry>
				<!-- Date de l'hitorique -->
				<date>20/09/2012</date>
				<!-- Version du module -->
				<rev-version>1.6</rev-version>
				<changelog lang="fr">
					<!-- Description des modifications -->
					<change>Amélioration de la gestion des espaces publics avec mot de passe</change>
				</changelog>
			</entry>
			<entry>
				<!-- Date de l'hitorique -->
				<date>17/09/2012</date>
				<!-- Version du module -->
				<rev-version>1.5</rev-version>
				<changelog lang="fr">
					<!-- Description des modifications -->
					<change>Corrrection du bug qui intervient dans le cas des espaces publics avec mot de passe</change>
				</changelog>
			</entry>
			<entry>
				<date>26/07/2011</date>
				<rev-version>1.0</rev-version>
				<changelog lang="fr">
					<change>Version initiale du module</change>
				</changelog>
			</entry>
		</history>

	</header>
<!-- A partir du moment où du code (sql ou php) est mis, il faut l'encadrer des balises <![CDATA[ et ]]> car sinon cela créer un bug d'affichage. 
	Cela permet à la page de ne pas interpréter ce code -->
	
	<action-group>
		
		
		<!-- Fichier à copier -->
		<copy>
			<!-- Source -->
			<file from="root/module_tableau_bord/config-liste-espaces.php" to="/module_tableau_bord/config-liste-espaces.php" />
		</copy>


		<!-- Modification des fichiers -->
		
		<!-- Modification du fichier index.php -->
		<open src="/module_tableau_bord/index.php">
			<edit>
				<!-- trouver le texte suivant -->
				<find><![CDATA[require "commun.inc.php";]]></find>
				<!-- Action : remplacer par -->
				<action type="after-add"><![CDATA[require "config-liste-espaces.php";]]></action>
			</edit>
			<edit>
				<!-- trouver le texte suivant -->
				<find><![CDATA[</script>]]></find>
				<!-- Action : ajouter après -->
				<action type="before-add"><![CDATA[function Espace_Public(id_espace, mot_de_passe)
{
	// Accès direct
	if(mot_de_passe=="0")			{ redir("index.php?id_espace_acces="+id_espace+"&resolution_width="+document.documentElement.clientWidth+"&navigateur="+escape(navigator.appName)); }
	// Formulaire de saisie du mot de passe
	else if(mot_de_passe=="1")		{ prompt_page_fantome("<?php echo $trad["pass"]; ?>", "Espace_Public('"+id_espace+"',get_value('prompt_result'));", "password"); }
	// Controle du mot de passe
	else if(mot_de_passe.length > 2)
	{
		requete_ajax("GET", "../divers/espace_password_verif.php?password="+mot_de_passe+"&id_espace="+id_espace);
		if(Http_Request_Result=="oui")	{ redir('index.php?id_espace_acces='+id_espace+'&password='+mot_de_passe+"&resolution_width="+document.documentElement.clientWidth+"&navigateur="+escape(navigator.appName)); }
		else							{ alert("<?php echo $trad["espace_password_erreur"]; ?>"); return false; }
	}
}]]></action>
			</edit>
			<edit>
				<!-- trouver le texte suivant -->
				<find><![CDATA[////	MENU DE GAUCHE
	////
	echo "<td id='menu_gauche_block_td'>";]]></find>
				<!-- Action : ajouter avant -->
				<action type="after-add"><![CDATA[////	LISTE DES ESPACES position en haut
	if ($position=="haut")
	{
			
			echo "<div id=\"menu_gauche_block_flottant\">";
			echo "<div class=\"menu_gauche_block content\">";
			echo "<table><tr><td class=\"menu_gauche_img\"><img src=\"".PATH_TPL."divers/affichage_arbo.png\" /></td><td class=\"left_menu_block_txt\">Liste des espaces disponibles :</td></tr>";
			echo "</table><hr /><table>";
			foreach($espaces_affectes_user as $espace_tmp)
			{
				$style_text = "lien";
				if($espace_tmp["id_espace"]==$_SESSION["espace"]["id_espace"]) {
					$style_text = "lien_select";
				}
				echo "<tr><td style=\"text-align:right;\"><img src=\"".PATH_TPL."divers/fleche_droite.png\" /></td><td><div onClick=\"Espace_Public('".$espace_tmp["id_espace"]."','";
				if($espace_tmp["password"]!="")
				{
					if(@$_SESSION["user"]["id_utilisateur"]==0)
					{
						echo "1";
					}
					else
					{
						echo "0";
					}
				}
				else
				{
					echo "0";
				}
				echo "')\" class=\"lien\">";
				if($_SESSION["espace"]["nom"]==$espace_tmp["nom"])
				{
					echo "<font color='red'>";
					echo $espace_tmp["nom"];
					echo "</font>";
				}
				else
				{
					echo $espace_tmp["nom"];
				}
				echo "</div></td>";
			}
			
			
			
			
			
			
			
			
			echo "</table>";
		echo "</div>";
		echo "</div>";
		
		}]]></action>
			</edit>
			<edit>
				<!-- trouver le texte suivant -->
				<find><![CDATA[echo "</td>";
	////	ACTUALITES
	////]]></find>
				<!-- Action : ajouter avant -->
				<action type="before-add"><![CDATA[////	LISTE DES ESPACES position en haut
	if ($position=="bas")
	{
			
			echo "<div id=\"menu_gauche_block_flottant\">";
			echo "<div class=\"menu_gauche_block content\">";
			echo "<table><tr><td class=\"menu_gauche_img\"><img src=\"".PATH_TPL."divers/affichage_arbo.png\" /></td><td class=\"left_menu_block_txt\">Liste des espaces disponibles :</td></tr>";
			echo "</table><hr /><table>";
			foreach($espaces_affectes_user as $espace_tmp)
			{
				$style_text = "lien";
				if($espace_tmp["id_espace"]==$_SESSION["espace"]["id_espace"]) {
					$style_text = "lien_select";
				}
				echo "<tr><td style=\"text-align:right;\"><img src=\"".PATH_TPL."divers/fleche_droite.png\" /></td><td><div onClick=\"Espace_Public('".$espace_tmp["id_espace"]."','";
				if($espace_tmp["password"]!="")
				{
					if(@$_SESSION["user"]["id_utilisateur"]==0)
					{
						echo "1";
					}
					else
					{
						echo "0";
					}
				}
				else
				{
					echo "0";
				}
				echo "')\" class=\"lien\">";
				if($_SESSION["espace"]["nom"]==$espace_tmp["nom"])
				{
					echo "<font color='red'>";
					echo $espace_tmp["nom"];
					echo "</font>";
				}
				else
				{
					echo $espace_tmp["nom"];
				}
				echo "</div></td>";
			}
			
			
			
			
			
			
			
			
			echo "</table>";
		echo "</div>";
		echo "</div>";
		
		}]]></action>
			</edit>
		</open>

		<diy-instructions lang="fr">Pour finir, éditez le fichier /module_tableau_bord/config-liste-espaces.php et réglez la valeur de $position en fonction de la position voulu pour la liste des espaces (mettre "haut" ou "bas").</diy-instructions>
	</action-group>
</mod>
